episode,global_step,episode_reward,episode_length
1,7,5.591306746006012,7
2,11,2.957376480102539,4
3,23,9.645195603370667,12
4,32,6.6534828543663025,9
5,42,6.622153200209141,10
6,48,4.59703254699707,6
7,54,4.959018170833588,6
8,65,8.794036626815796,11
9,72,4.406900472939014,7
10,76,2.5660592317581177,4
11,87,8.21636039018631,11
12,102,11.043777167797089,15
13,109,5.084209322929382,7
14,118,7.957171320915222,9
15,123,3.3887185230851173,5
16,133,7.362867116928101,10
17,163,23.42055517435074,30
18,180,12.923354506492615,17
19,194,10.729322120547295,14
20,213,14.057985126972198,19
21,215,1.08310467004776,2
22,219,2.398565411567688,4
23,228,6.401267945766449,9
24,231,1.6000542640686035,3
25,240,7.047308400273323,9
26,246,4.357670426368713,6
27,253,6.045632466673851,7
28,262,7.752751052379608,9
29,266,2.1647727489471436,4
30,272,4.55740749835968,6
31,280,5.088715136051178,8
32,283,1.6000542640686035,3
33,318,25.45788586139679,35
34,345,19.274968147277832,27
35,372,18.13074892759323,27
36,378,3.931065171957016,6
37,396,12.664904534816742,18
38,426,21.524305284023285,30
39,439,9.284351646900177,13
40,446,4.227544134482741,7
41,473,19.643702447414398,27
42,480,5.364763796329498,7
43,562,59.89359712600708,82
44,601,27.212044894695282,39
45,604,2.1954904049634933,3
46,618,10.005245752632618,14
47,626,5.762078583240509,8
48,638,10.400343731045723,12
49,640,0.9660165309906006,2
50,648,5.520707607269287,8
51,659,7.381144464015961,11
52,679,17.15004050731659,20
53,698,12.73697292804718,19
54,708,8.350483059883118,10
55,714,4.720839485526085,6
56,726,8.262957334518433,12
57,730,2.95578932762146,4
58,744,12.010560810565948,14
59,747,1.9602091312408447,3
60,762,10.971480742096901,15
61,776,11.199938833713531,14
62,784,5.324394047260284,8
63,788,2.396742880344391,4
64,825,29.860178872942924,37
65,828,1.912417083978653,3
66,881,37.195425033569336,53
67,893,8.454297542572021,12
68,905,10.235702872276306,12
69,915,8.786971688270569,10
70,919,2.5634323358535767,4
71,932,9.111698841676116,13
72,961,23.24270737171173,29
73,994,25.470775961875916,33
74,997,1.764922857284546,3
75,1003,3.6139131784439087,6
76,1015,8.894919097423553,12
77,1048,23.212930142879486,33
78,1051,1.9583725333213806,3
79,1064,9.644877135753632,13
80,1072,6.758327960968018,8
81,1122,37.71147131919861,50
82,1132,7.196420934051275,10
83,1176,34.27939581871033,44
84,1185,6.961648523807526,9
85,1188,1.6000542640686035,3
86,1193,3.1985929012298584,5
87,1196,1.9583725333213806,3
88,1208,8.861812308430672,12
89,1238,24.346222519874573,30
90,1242,2.399343430995941,4
91,1256,9.227339267730713,14
92,1266,6.494318246841431,10
93,1299,25.442058622837067,33
94,1310,9.557603240013123,11
95,1318,5.527288436889648,8
96,1323,3.2001020312309265,5
97,1326,1.3636363744735718,3
98,1328,0.9893852416425943,2
99,1331,1.9602091312408447,3
100,1343,9.808623909950256,12
101,1353,7.99512505531311,10
102,1399,31.997869849205017,46
103,1419,14.18121075630188,20
104,1471,40.081665217876434,52
105,1483,9.404247105121613,12
106,1513,20.523314595222473,30
107,1524,7.253450274467468,11
108,1549,21.041262328624725,25
109,1565,10.869032263755798,16
110,1580,10.03572165966034,15
111,1593,9.72586739063263,13
112,1600,5.653664521872997,7
113,1606,4.204375803470612,6
114,1616,8.157278895378113,10
115,1642,18.951007068157196,26
116,1645,1.5974290370941162,3
117,1664,13.618164122104645,19
118,1670,4.561489462852478,6
119,1673,1.9583725333213806,3
120,1679,4.399145483970642,6
121,1688,6.0055201053619385,9
122,1697,6.145657241344452,9
123,1721,17.8631454706192,24
124,1723,1.054394781589508,2
125,1726,1.9583725333213806,3
126,1737,7.079859614372253,11
127,1745,6.3174504190683365,8
128,1765,16.37196671962738,20
129,1776,6.903516590595245,11
130,1786,8.163417994976044,10
131,1798,9.080130279064178,12
132,1802,2.4011906385421753,4
133,1814,8.691607475280762,12
134,1853,28.54109889268875,39
135,1862,6.05467826128006,9
136,1872,7.024526059627533,10
137,1885,9.53132838010788,13
138,1890,3.7547073364257812,5
139,1895,3.054815709590912,5
140,1904,6.1752389669418335,9
141,1916,8.295470416545868,12
142,1932,10.935663282871246,16
143,1975,29.66182315349579,43
144,1981,3.613913416862488,6
145,1991,8.083176970481873,10
146,1999,6.390734255313873,8
147,2006,4.2955681681633,7
148,2009,1.5982070565223694,3
149,2016,5.7622687220573425,7
150,2025,7.756068766117096,9
151,2032,5.0056527853012085,7
152,2037,3.276053488254547,5
153,2052,11.642294049263,15
154,2060,6.010465562343597,8
155,2072,8.60815542936325,12
156,2076,2.568289279937744,4
157,2080,2.3985458612442017,4
158,2124,33.7808832526207,44
159,2127,1.9602091312408447,3
160,2138,9.15656191110611,11
161,2178,29.45963454246521,40
162,2191,11.959012269973755,13
163,2200,6.368325769901276,9
164,2205,3.204545497894287,5
165,2208,1.9583725333213806,3
166,2217,7.557205677032471,9
167,2247,21.23476004600525,30
168,2253,3.9937689900398254,6
169,2263,7.878830432891846,10
170,2266,1.6000542640686035,3
171,2273,5.401351869106293,7
172,2281,5.76654452085495,8
173,2326,32.887825667858124,45
174,2358,25.305183351039886,32
175,2368,8.557392060756683,10
176,2401,23.870759634301066,33
177,2406,3.75812304019928,5
178,2410,2.7595089077949524,4
179,2420,7.608286082744598,10
180,2430,7.766905188560486,10
181,2438,5.7639248967170715,8
182,2555,86.30420380830765,117
183,2559,2.5942353010177612,4
184,2580,17.71259331703186,21
185,2588,6.676523894071579,8
186,2666,56.76879346370697,78
187,2680,9.068458914756775,14
188,2692,8.028580844402313,12
189,2764,53.962174236774445,72
190,2795,23.161101579666138,31
191,2803,5.567164957523346,8
192,2812,6.120782062411308,9
193,2849,27.37879067659378,37
194,2860,9.279185980558395,11
195,2865,2.930699586868286,5
196,2898,22.462803080677986,33
197,2923,19.85037237405777,25
198,2928,3.520740732550621,5
199,2933,3.75626540184021,5
200,2946,10.119751632213593,13
201,2972,19.10025942325592,26
202,2977,2.8443724513053894,5
203,2993,12.253164157271385,16
204,3008,12.408197447657585,15
205,3015,5.166481256484985,7
206,3020,3.197434186935425,5
207,3025,3.2000637650489807,5
208,3056,25.731645703315735,31
209,3075,13.428214073181152,19
210,3095,14.262148261070251,20
211,3099,2.9592167139053345,4
212,3107,5.961452960968018,8
213,3113,3.613890528678894,6
214,3122,6.5932158511132,9
215,3133,7.999698877334595,11
216,3150,15.268767595291138,17
217,3153,1.9602091312408447,3
218,3156,1.9583725333213806,3
219,3164,5.763803064823151,8
220,3193,24.290404498577118,29
221,3226,24.8644939661026,33
222,3234,5.527288436889648,8
223,3248,9.392189502716064,14
224,3257,7.362427294254303,9
225,3261,2.3967478275299072,4
226,3265,2.5942353010177612,4
227,3273,6.400985598564148,8
228,3286,9.28742516040802,13
229,3290,2.398927390575409,4
230,3294,2.4034091234207153,4
231,3299,3.5954729318618774,5
232,3309,8.30237116664648,10
233,3322,8.732583999633789,13
234,3325,1.9602091312408447,3
235,3327,0.9850976467132568,2
236,3350,16.753031253814697,23
237,3368,12.355823457241058,18
238,3397,23.180052280426025,29
239,3426,22.819354236125946,29
240,3447,16.549289386719465,21
241,3453,4.758342683315277,6
242,3461,5.092053055763245,8
243,3475,9.809180080890656,14
244,3479,2.398565411567688,4
245,3485,4.959018170833588,6
246,3501,12.321075975894928,16
247,3545,31.40469442680478,44
248,3554,7.390628635883331,9
249,3560,4.559649229049683,6
250,3567,5.358187794685364,7
251,3616,41.689142882823944,49
252,3627,7.374127805233002,11
253,3646,12.987577259540558,19
254,3679,26.464131355285645,33
255,3682,1.9602091312408447,3
256,3694,7.9352757930755615,12
257,3704,8.756448984146118,10
258,3709,2.8127585649490356,5
259,3714,2.7272727489471436,5
260,3718,3.123423680663109,4
261,3723,4.195799365639687,5
262,3775,38.66452622413635,52
263,3800,17.139869548380375,25
264,3824,18.490223228931427,24
265,3829,2.8443724513053894,5
266,3852,17.489185750484467,23
267,3862,8.38258376531303,10
268,3891,24.87691640853882,29
269,3978,68.58848369121552,87
270,3983,3.1967374086380005,5
271,3995,9.757341623306274,12
272,4009,9.507300913333893,14
273,4022,9.811595439910889,13
274,4031,6.852433197200298,9
275,4037,4.003463387489319,6
276,4046,7.955583333969116,9
277,4058,8.88963758945465,12
278,4073,12.751179993152618,15
279,4085,8.851045489311218,12
280,4097,8.682173371315002,12
281,4166,50.72435709834099,69
282,4180,12.35276085138321,14
283,4204,18.684390604496002,24
284,4214,7.048136651515961,10
285,4226,8.844542063772678,12
286,4230,2.9943971633911133,4
287,4240,6.780889451503754,10
288,4244,2.2840909361839294,4
289,4269,18.263997614383698,25
290,4278,7.3941663056612015,9
291,4281,1.795328974723816,3
292,4287,3.5434798784554005,6
293,4303,11.26484102010727,16
294,4314,9.199296832084656,11
295,4316,1.2783909738063812,2
296,4342,18.584931433200836,26
297,4348,3.999378800392151,6
298,4351,1.9602091312408447,3
299,4363,8.141393780708313,12
300,4396,22.48682940006256,33
301,4416,15.015215456485748,20
302,4424,6.362301886081696,8
303,4450,19.07566910982132,26
304,4456,3.772992253303528,6
305,4464,6.353941023349762,8
306,4496,23.354047775268555,32
307,4502,4.170562028884888,6
308,4508,3.8501769304275513,6
309,4520,8.373391225934029,12
310,4538,13.263736322522163,18
311,4551,9.344600439071655,13
312,4557,4.356942057609558,6
313,4569,10.003781080245972,12
314,4580,9.794632643461227,11
315,4596,13.679978847503662,16
316,4622,19.07568997144699,26
317,4641,14.053216695785522,19
318,4671,20.64210307598114,30
319,4683,8.680765569210052,12
320,4708,18.742107152938843,25
321,4711,1.9583725333213806,3
322,4714,1.795328974723816,3
323,4736,15.471113920211792,22
324,4745,6.402358055114746,9
325,4763,13.683828890323639,18
326,4766,1.6000542640686035,3
327,4770,2.398565411567688,4
328,4776,4.45168324559927,6
329,4782,4.595303297042847,6
330,4796,10.128241539001465,14
331,4806,8.47545576095581,10
332,4845,26.744436502456665,39
333,4888,33.99971181154251,43
334,4900,7.821752667427063,12
335,4905,3.7603530883789062,5
336,4913,6.6010759472846985,8
337,4920,5.7941330671310425,7
338,4949,20.994624719023705,29
339,5002,39.747801780700684,53
340,5022,14.919536352157593,20
341,5025,1.764922857284546,3
342,5033,6.179073512554169,8
343,5057,17.718144953250885,24
344,5073,11.865222454071045,16
345,5078,3.95534884929657,5
346,5091,8.941346824169159,13
347,5102,9.395074307918549,11
348,5121,14.416433930397034,19
349,5130,7.562446892261505,9
350,5144,10.570818901062012,14
351,5157,11.959012269973755,13
352,5160,1.9602091312408447,3
353,5166,4.400397300720215,6
354,5173,5.957167446613312,7
355,5182,7.160677850246429,9
356,5194,8.780277252197266,12
357,5202,6.010489642620087,8
358,5214,9.564082860946655,12
359,5220,4.014186978340149,6
360,5237,14.319378137588501,17
361,5242,3.558410406112671,5
362,5255,9.473119169473648,13
363,5261,3.9945464730262756,6
364,5263,0.9660165309906006,2
365,5270,5.7583048939704895,7
366,5312,33.91395843029022,42
367,5321,7.396405816078186,9
368,5332,8.572019062936306,11
369,5344,10.59155648946762,12
370,5372,22.82173043489456,28
371,5396,19.122336208820343,24
372,5413,13.859211444854736,17
373,5417,2.8534376844763756,4
374,5425,7.197648599743843,8
375,5430,3.560251832008362,5
376,5440,8.320147961378098,10
377,5453,10.360296845436096,13
378,5465,10.760148644447327,12
379,5481,13.083452105522156,16
380,5496,10.676715256646276,15
381,5505,7.361350119113922,9
382,5508,1.7671529054641724,3
383,5516,6.20915549993515,8
384,5546,21.402252912521362,30
385,5555,6.681859791278839,9
386,5565,8.157807350158691,10
387,5590,22.149514377117157,25
388,5603,8.780114471912384,13
389,5616,11.791678115725517,13
390,5637,14.708228766918182,21
391,5640,1.9602091312408447,3
392,5650,8.595404624938965,10
393,5678,22.24444016814232,28
394,5686,6.756185173988342,8
395,5694,6.157846510410309,8
396,5714,18.195533752441406,20
397,5720,4.757460534572601,6
398,5723,1.9602091312408447,3
399,5734,7.101088047027588,11
400,5740,5.197649329900742,6
401,5748,5.563145577907562,8
402,5759,9.957161903381348,11
403,5782,19.161559402942657,23
404,5793,8.80733346939087,11
405,5799,4.761146903038025,6
406,5819,14.271146178245544,20
407,5831,9.618337392807007,12
408,5837,4.758337736129761,6
409,5849,10.918715327978134,12
410,5855,3.731835961341858,6
411,5863,6.994705080986023,8
412,5873,8.200420141220093,10
413,5879,4.654426246881485,6
414,5891,10.20298433303833,12
415,5906,13.046677231788635,15
416,5909,1.9602091312408447,3
417,5928,15.165792167186737,19
418,5949,17.753621220588684,21
419,5960,7.647107839584351,11
420,5964,2.40117347240448,4
421,5977,10.976707860827446,13
422,5988,9.359730005264282,11
423,5993,3.558410406112671,5
424,6006,10.792352557182312,13
425,6010,2.75911545753479,4
426,6022,10.000414669513702,12
427,6044,17.657442569732666,22
428,6051,5.957167446613312,7
429,6059,6.554600775241852,8
430,6076,14.16923975944519,17
431,6086,7.215792655944824,10
432,6112,22.00234442949295,26
433,6120,5.6990745067596436,8
434,6126,4.758342683315277,6
435,6128,1.2783909738063812,2
436,6140,10.754481077194214,12
437,6152,9.003018856048584,12
438,6168,11.65485680103302,16
439,6184,12.493216693401337,16
440,6191,5.560214698314667,7
441,6201,9.074629455804825,10
442,6212,7.535802006721497,11
443,6233,15.621723353862762,21
444,6241,6.998785614967346,8
445,6260,17.951345145702362,19
446,6274,12.354563534259796,14
447,6279,3.957201361656189,5
448,6284,3.2171164751052856,5
449,6304,17.35832929611206,20
450,6318,10.248397827148438,14
451,6320,1.1985551565885544,2
452,6328,5.768363654613495,8
453,6335,5.760178565979004,7
454,6341,3.7775334008038044,6
455,6348,4.858041942119598,7
456,6354,4.164609372615814,6
457,6361,5.001572847366333,7
458,6378,15.36156415939331,17
459,6389,9.758306920528412,11
460,6400,7.734289288520813,11
461,6416,14.158621966838837,16
462,6424,6.959012389183044,8
463,6429,3.198270082473755,5
464,6436,4.454646348953247,7
465,6447,8.054625391960144,11
466,6457,8.95505666732788,10
467,6478,19.75647759437561,21
468,6526,36.08523231744766,48
469,6534,6.957162082195282,8
470,6539,3.9590471386909485,5
471,6543,3.0785349011421204,4
472,6546,1.9602091312408447,3
473,6563,14.680357217788696,17
474,6567,2.9592167139053345,4
475,6572,4.11945353448391,5
476,6595,19.527453541755676,23
477,6599,3.19536192715168,4
478,6619,15.610755741596222,20
479,6632,11.582952862605453,13
480,6648,13.790397763252258,16
481,6654,4.959018170833588,6
482,6678,20.646943390369415,24
483,6683,3.95534884929657,5
484,6689,4.560082256793976,6
485,6707,15.081643462181091,18
486,6723,12.950812891125679,16
487,6736,11.594309240579605,13
488,6754,13.184371709823608,18
489,6769,10.89363980293274,15
490,6771,0.9660165309906006,2
491,6802,27.59132707118988,31
492,6807,3.9590471386909485,5
493,6819,10.16356348991394,12
494,6824,3.7984932512044907,5
495,6829,3.7611759305000305,5
496,6852,17.898559093475342,23
497,6869,15.157063946127892,17
498,6878,7.157299518585205,9
499,6883,3.195231080055237,5
500,6901,13.810978472232819,18
501,6911,7.091847598552704,10
502,6926,12.216125965118408,15
503,6933,4.691250681877136,7
504,6943,7.925053805112839,10
505,6948,3.754189968109131,5
506,6954,4.959018170833588,6
507,6960,4.38873633928597,6
508,6972,8.327247381210327,12
509,6979,5.396580338478088,7
510,6995,13.563959300518036,16
511,7003,6.797758623957634,8
512,7010,6.048294946551323,7
513,7013,1.9602091312408447,3
514,7018,3.2148978114128113,5
515,7022,2.95578932762146,4
516,7027,3.957201361656189,5
517,7030,1.764922857284546,3
518,7039,7.955333054065704,9
519,7043,2.724044993519783,4
520,7047,2.5660592317581177,4
521,7072,21.135300159454346,25
522,7075,1.9602091312408447,3
523,7094,13.580961048603058,19
524,7099,3.5120629370212555,5
525,7165,53.12195438146591,66
526,7168,1.922914132475853,3
527,7174,4.59121561050415,6
528,7177,1.9602091312408447,3
529,7196,15.849932074546814,19
530,7204,5.247764527797699,8
531,7217,10.952560305595398,13
532,7230,10.524540320038795,13
533,7234,2.9592167139053345,4
534,7259,20.48777885735035,25
535,7277,15.27679067850113,18
536,7281,2.415980100631714,4
537,7289,6.254206582903862,8
538,7300,7.105955362319946,11
539,7310,8.79057594947517,10
540,7320,7.487642467021942,10
541,7323,1.764922857284546,3
542,7334,8.854900993406773,11
543,7350,10.840834140777588,16
544,7353,1.9200563579797745,3
545,7356,1.9602091312408447,3
546,7362,4.398358702659607,6
547,7368,4.5592538714408875,6
548,7371,1.5982070565223694,3
549,7378,5.9838708024472,7
550,7381,1.9602091312408447,3
551,7404,19.991378843784332,23
552,7417,11.557860970497131,13
553,7429,10.316268160939217,12
554,7439,8.156246185302734,10
555,7445,4.6523183807730675,6
556,7448,1.9583725333213806,3
557,7459,7.694381475448608,11
558,7484,22.782171487808228,25
559,7492,6.280673563480377,8
560,7506,12.752113342285156,14
561,7515,7.758298456668854,9
562,7520,3.9550915956497192,5
563,7532,9.926083326339722,12
564,7535,1.8497317433357239,3
565,7575,31.67175768315792,40
566,7587,10.959012269973755,12
567,7601,10.119627930223942,14
568,7610,7.209125816822052,9
569,7627,13.592408418655396,17
570,7631,2.564213514328003,4
571,7638,5.557384014129639,7
572,7668,24.707561641931534,30
573,7672,2.75911545753479,4
574,7678,4.528004810214043,6
575,7681,1.6000372171401978,3
576,7692,8.612043499946594,11
577,7714,16.933082699775696,22
578,7723,7.398528099060059,9
579,7729,4.3613826632499695,6
580,7741,10.995819747447968,12
581,7750,7.155196189880371,9
582,7772,17.563449412584305,22
583,7786,12.389136789366603,14
584,7797,9.008038461208344,11
585,7801,2.7613455057144165,4
586,7810,6.918188631534576,9
587,7819,6.647540509700775,9
588,7822,1.9583725333213806,3
589,7833,8.97284521907568,11
590,7842,7.788725897669792,9
591,7860,14.724595785140991,18
592,7870,8.672076791524887,10
593,7886,12.673993408679962,16
594,7892,4.593449711799622,6
595,7904,8.963299989700317,12
596,7924,16.17636090517044,20
597,7932,5.183030486106873,8
598,7936,2.3974714279174805,4
599,7941,3.9590471386909485,5
600,7947,4.955582141876221,6
601,7957,8.957161903381348,10
602,7966,6.879255414009094,9
603,7971,3.0548325777053833,5
604,7979,5.32733678817749,8
605,7982,1.9583725333213806,3
606,8008,21.214411288499832,26
607,8022,10.999908804893494,14
608,8043,19.043401166796684,21
609,8054,9.95505666732788,11
610,8064,8.165318429470062,10
611,8077,11.31686520576477,13
612,8108,26.804765105247498,31
613,8115,4.764384567737579,7
614,8123,6.233475698158145,8
615,8143,17.00782608985901,20
616,8149,4.752418100833893,6
617,8159,7.480490624904633,10
618,8179,18.38703466206789,20
619,8183,2.568289279937744,4
620,8190,5.955575942993164,7
621,8198,6.399991750717163,8
622,8205,5.359198451042175,7
623,8220,11.60907518863678,15
624,8253,27.230676412582397,33
625,8265,9.455295145511627,12
626,8272,5.754624426364899,7
627,8293,18.22887273132801,21
628,8306,11.398772478103638,13
629,8311,3.593242883682251,5
630,8315,2.95578932762146,4
631,8329,11.763597071170807,14
632,8362,27.418086647987366,33
633,8371,7.754617094993591,9
634,8388,14.283383309841156,17
635,8411,19.358767867088318,23
636,8420,6.686675488948822,9
637,8423,1.764922857284546,3
638,8429,4.326317682862282,6
639,8444,13.559614181518555,15
640,8474,24.18104660511017,30
641,8476,1.1211282014846802,2
642,8480,2.7613455057144165,4
643,8486,4.591343343257904,6
644,8490,2.7595089077949524,4
645,8493,1.9602091312408447,3
646,8497,2.985178120434284,4
647,8503,4.957168519496918,6
648,8512,6.964898586273193,9
649,8529,15.150620222091675,17
650,8536,5.561460494995117,7
651,8549,10.368822455406189,13
652,8553,2.2840909361839294,4
653,8559,4.953729629516602,6
654,8562,2.077297270298004,3
655,8572,7.764826655387878,10
656,8574,1.1962425112724304,2
657,8586,10.953724443912506,12
658,8597,9.10142270848155,11
659,8622,23.1536186337471,25
660,8628,4.40002578496933,6
661,8631,1.9602091312408447,3
662,8636,3.957201361656189,5
663,8642,4.75929719209671,6
664,8646,2.922180101275444,4
665,8656,8.754598438739777,10
666,8660,2.3974714279174805,4
667,8688,25.67544874548912,28
668,8691,1.8011468350887299,3
669,8694,1.7671529054641724,3
670,8703,7.209290504455566,9
671,8710,5.1992868185043335,7
672,8717,5.7583136558532715,7
673,8724,5.559089839458466,7
674,8734,7.682227194309235,10
675,8750,12.686311602592468,16
676,8790,30.722044944763184,40
677,8805,13.4520253688097,15
678,8819,11.513708725571632,14
679,8835,14.75829815864563,16
680,8851,13.240050196647644,16
681,8863,10.525755897164345,12
682,8878,11.8540162704885,15
683,8888,8.792286276817322,10
684,8893,3.3671900033950806,5
685,8901,5.08770227432251,8
686,8907,4.760324120521545,6
687,8918,9.003957092761993,11
688,8924,4.526918053627014,6
689,8929,3.9211167246103287,5
690,8935,4.36361825466156,6
691,8940,3.9590471386909485,5
692,8942,1.2765543758869171,2
693,8958,12.933910712599754,16
694,8981,19.591188490390778,23
695,8993,9.536735355854034,12
696,9004,8.482360243797302,11
697,9015,9.955574750900269,11
698,9023,6.203382611274719,8
699,9029,4.754525065422058,6
700,9035,4.959018170833588,6
701,9044,6.599143922328949,9
702,9057,11.036741614341736,13
703,9063,4.957172393798828,6
704,9073,8.40454638004303,10
705,9077,2.957376480102539,4
706,9107,25.164957225322723,30
707,9119,8.617032647132874,12
708,9130,9.994820341467857,11
709,9142,9.861769676208496,12
710,9148,5.123406648635864,6
711,9153,3.75628924369812,5
712,9171,15.000174224376678,18
713,9181,8.559049546718597,10
714,9187,4.08201390504837,6
715,9202,11.337812900543213,15
716,9212,7.462201997637749,10
717,9223,9.358351171016693,11
718,9236,11.565237939357758,13
719,9241,3.9572063088417053,5
720,9275,30.12797373533249,34
721,9283,6.557210266590118,8
722,9291,6.193500280380249,8
723,9296,3.9590471386909485,5
724,9300,2.757290780544281,4
725,9307,5.166072249412537,7
726,9319,9.484181821346283,12
727,9327,6.4347486067563295,8
728,9337,7.759307682514191,10
729,9352,12.708047365769744,15
730,9359,5.59119439125061,7
731,9364,3.9550942182540894,5
732,9372,6.010465562343597,8
733,9392,14.453584969043732,20
734,9401,7.9529213309288025,9
735,9410,6.051711738109589,9
736,9415,3.95402067899704,5
737,9429,12.148029386997223,14
738,9436,5.959013223648071,7
739,9442,4.453494660556316,6
740,9454,10.010256230831146,12
741,9460,4.757953464984894,6
742,9464,2.9592167139053345,4
743,9471,4.917480945587158,7
744,9480,7.959012269973755,9
745,9500,16.40861088037491,20
746,9512,9.326890051364899,12
747,9553,36.7636262178421,41
748,9563,8.849879175424576,10
749,9571,5.953674018383026,8
750,9583,10.551669836044312,12
751,9594,9.320757076144218,11
752,9602,6.555386483669281,8
753,9607,3.2558627873659134,5
754,9615,6.754482090473175,8
755,9632,13.68156635761261,17
756,9639,4.571932852268219,7
757,9653,12.593917235732079,14
758,9661,6.753951728343964,8
759,9676,11.65121340751648,15
760,9684,5.567188024520874,8
761,9696,10.78855288028717,12
762,9698,1.1985551565885544,2
763,9704,4.683498382568359,6
764,9715,9.555387556552887,11
765,9721,3.9272512793540955,6
766,9741,17.278858423233032,20
767,9762,16.112994704395533,21
768,9766,2.7905668318271637,4
769,9782,12.848727524280548,16
770,9785,1.6000542640686035,3
771,9790,3.9550915956497192,5
772,9794,2.9573709964752197,4
773,9806,10.784485165029764,12
774,9811,3.7562831044197083,5
775,9814,1.5982070565223694,3
776,9840,24.348010063171387,26
777,9845,3.9571975469589233,5
778,9849,2.1625542640686035,4
779,9869,16.14048345759511,20
780,9886,14.592628300189972,17
781,9913,21.739621430635452,27
782,9917,2.957376480102539,4
783,9937,17.56409615278244,20
784,9945,6.957171440124512,8
785,9956,8.012173473834991,11
786,9959,1.5982070565223694,3
787,9962,1.9583725333213806,3
788,9969,5.193711519241333,7
789,9976,5.756066799163818,7
790,9988,10.596081048250198,12
791,9991,1.9602091312408447,3
792,9997,4.1731879487633705,6
793,10000,1.9602091312408447,3
794,10008,6.67617329955101,8
795,10017,7.355367362499237,9
796,10033,11.906774401664734,16
797,10059,20.941180169582367,26
798,10081,15.3109787479043,22
799,10091,7.448647856712341,10
800,10104,10.401952028274536,13
801,10107,1.8497903272509575,3
802,10114,5.373531624674797,7
803,10122,6.955315887928009,8
804,10126,2.957376480102539,4
805,10136,8.322224125266075,10
806,10150,10.815043210983276,14
807,10161,9.12511496245861,11
808,10171,7.999298095703125,10
809,10181,7.648246943950653,10
810,10188,5.361382603645325,7
811,10211,19.452351316809654,23
812,10221,7.563762903213501,10
813,10231,6.981808573007584,10
814,10238,5.3981340527534485,7
815,10253,11.963174521923065,15
816,10261,6.360606670379639,8
817,10271,7.608697891235352,10
818,10277,4.443401277065277,6
819,10291,11.764571964740753,14
820,10300,7.597638309001923,9
821,10317,13.942013084888458,17
822,10324,5.955305516719818,7
823,10330,4.872795522212982,6
824,10346,12.663076102733612,16
825,10349,1.764922857284546,3
826,10351,1.2765543758869171,2
827,10355,2.757290780544281,4
828,10372,15.353253483772278,17
829,10376,2.399343430995941,4
830,10395,16.75112783908844,19
831,10410,13.392435669898987,15
832,10418,6.00564569234848,8
833,10432,12.557609796524048,14
834,10441,7.959012269973755,9
835,10453,10.909715160727501,12
836,10468,13.44997937232256,15
837,10476,6.2448590695858,8
838,10484,6.8746108412742615,8
839,10493,7.717922627925873,9
840,10522,25.646660670638084,29
841,10534,10.785353934392333,12
842,10537,1.4807360768318176,3
843,10548,9.75645250082016,11
844,10553,3.75626540184021,5
845,10556,1.7905216161161661,3
846,10562,4.561489462852478,6
847,10571,6.400557458400726,9
848,10582,9.591699719429016,11
849,10598,13.043878197669983,16
850,10609,7.773629069328308,11
851,10615,4.959018170833588,6
852,10627,9.408178329467773,12
853,10635,5.685245096683502,8
854,10638,1.9602091312408447,3
855,10643,3.5584033131599426,5
856,10650,5.564868211746216,7
857,10656,4.601081669330597,6
858,10666,8.559435725212097,10
859,10671,4.192118242383003,5
860,10717,36.10455131530762,46
861,10735,13.651153266429901,18
862,10740,3.051413416862488,5
863,10755,12.412825405597687,15
864,10771,14.398110449314117,16
865,10777,4.959018170833588,6
866,10779,1.2765543758869171,2
867,10799,16.486781924962997,20
868,10805,4.400017023086548,6
869,10809,2.399328649044037,4
870,10819,8.949805736541748,10
871,10826,5.757924497127533,7
872,10829,1.7671529054641724,3
873,10835,4.674880743026733,6
874,10841,4.59703254699707,6
875,10848,5.554622113704681,7
876,10864,14.105759859085083,16
877,10874,7.787284187972546,10
878,10881,5.959013223648071,7
879,10890,6.877431154251099,9
880,10899,6.6478438675403595,9
881,10920,19.148412346839905,21
882,10954,29.555325269699097,34
883,10971,13.496896088123322,17
884,10973,0.9850976467132568,2
885,10989,12.959656119346619,16
886,10992,1.9602091312408447,3
887,10997,3.9590471386909485,5
888,11004,6.192346826195717,7
889,11022,15.843606054782867,18
890,11031,7.955328106880188,9
891,11071,32.60801409184933,40
892,11084,10.325501143932343,13
893,11111,20.665825441479683,27
894,11128,13.725513726472855,17
895,11138,8.55114096403122,10
896,11162,18.272768139839172,24
897,11179,11.868210852146149,17
898,11193,11.296332120895386,14
899,11196,1.9602091312408447,3
900,11212,13.25515466928482,16
901,11221,5.934379577636719,9
902,11246,23.141237258911133,25
903,11264,16.358557760715485,18
904,11270,4.112520759925246,6
905,11281,8.901877457275987,11
906,11295,10.48538362979889,14
907,11302,5.714600548148155,7
908,11305,1.764922857284546,3
909,11310,3.7603530883789062,5
910,11335,19.624231219291687,25
911,11343,6.003417789936066,8
912,11352,7.555754721164703,9
913,11363,9.545648753643036,11
914,11378,11.05368959903717,15
915,11394,13.15720671415329,16
916,11399,3.7603530883789062,5
917,11409,8.192745566368103,10
918,11428,15.60368663072586,19
919,11439,9.790167391300201,11
920,11447,6.7922778725624084,8
921,11491,36.06365144252777,44
922,11497,4.959018170833588,6
923,11504,5.792287290096283,7
924,11519,10.896884620189667,15
925,11528,6.8045814037323,9
926,11535,4.903236083686352,7
927,11543,6.756069600582123,8
928,11569,23.403378009796143,26
929,11573,2.1625542640686035,4
930,11583,9.076490253210068,10
931,11610,19.857424199581146,27
932,11613,1.9583725333213806,3
933,11628,11.365776777267456,15
934,11635,5.553039252758026,7
935,11651,14.353323817253113,16
936,11653,0.9660165309906006,2
937,11661,6.71574854850769,8
938,11668,5.7583048939704895,7
939,11692,18.652492225170135,24
940,11696,2.9592167139053345,4
941,11706,8.557208597660065,10
942,11715,7.957161903381348,9
943,11719,2.4011735916137695,4
944,11749,23.852202713489532,30
945,11763,10.535689949989319,14
946,11790,20.07093209028244,27
947,11792,1.0508547723293304,2
948,11797,3.9590471386909485,5
949,11804,5.957167446613312,7
950,11812,6.959012389183044,8
951,11837,21.96409022808075,25
952,11841,2.396742880344391,4
953,11844,1.9583725333213806,3
954,11861,14.99512161873281,17
955,11886,20.235014379024506,25
956,11907,19.545313358306885,21
957,11935,22.408891260623932,28
958,11952,15.14854222536087,17
959,11959,5.7539703249931335,7
960,11975,13.509811878204346,16
961,11984,7.959012269973755,9
962,11990,4.555579245090485,6
963,12005,11.123972833156586,15
964,12030,21.084989309310913,25
965,12038,6.160675346851349,8
966,12058,14.65932321548462,20
967,12067,7.955316126346588,9
968,12085,16.351474821567535,18
969,12097,8.142111897468567,12
970,12104,5.756083607673645,7
971,12108,3.19536192715168,4
972,12126,16.547948956489563,18
973,12130,2.75911545753479,4
974,12136,4.560616135597229,6
975,12148,9.283375680446625,12
976,12194,35.45412561297417,46
977,12202,6.996935427188873,8
978,12215,11.752392292022705,13
979,12223,5.80789577960968,8
980,12236,10.569168969988823,13
981,12241,4.275350362062454,5
982,12256,11.361388891935349,15
983,12274,16.56145453453064,18
984,12284,8.357559025287628,10
985,12305,18.985354483127594,21
986,12312,5.792278707027435,7
987,12322,7.693498104810715,10
988,12325,1.795328974723816,3
989,12335,7.802751421928406,10
990,12338,1.9583725333213806,3
991,12361,18.88231670856476,23
992,12371,7.569891035556793,10
993,12380,7.955574810504913,9
994,12384,2.9592167139053345,4
995,12407,19.438970521092415,23
996,12413,4.196476221084595,6
997,12431,16.354638636112213,18
998,12442,9.00718492269516,11
999,12448,4.650461345911026,6
1000,12456,6.758303999900818,8
1001,12476,16.247434496879578,20
1002,12482,4.7922921776771545,6
1003,12495,11.78909569978714,13
1004,12512,15.557605266571045,17
1005,12515,1.7671529054641724,3
1006,12524,7.760177552700043,9
1007,12533,7.159507393836975,9
1008,12537,3.1215779185295105,4
1009,12569,26.965741097927094,32
1010,12573,2.9573709964752197,4
1011,12576,1.9602091312408447,3
1012,12593,15.99323883652687,17
1013,12600,4.670084595680237,7
1014,12613,11.881585657596588,13
1015,12634,17.12877744436264,21
1016,12654,17.95914053916931,20
1017,12661,5.000251352787018,7
1018,12680,15.878660082817078,19
1019,12692,8.655329048633575,12
1020,12701,7.656386002898216,9
1021,12709,6.955047786235809,8
1022,12713,2.5634323358535767,4
1023,12719,4.198579430580139,6
1024,12724,4.045883864164352,5
1025,12729,3.9590471386909485,5
1026,12740,8.016924023628235,11
1027,12746,4.75424325466156,6
1028,12757,9.358374536037445,11
1029,12771,12.47270992398262,14
1030,12804,28.21096858382225,33
1031,12817,9.380328178405762,13
1032,12820,1.7671529054641724,3
1033,12830,7.804724097251892,10
1034,12842,9.801698625087738,12
1035,12853,9.947657108306885,11
1036,12859,4.955331861972809,6
1037,12894,27.915481343865395,35
1038,12900,4.356943845748901,6
1039,12914,13.072503566741943,14
1040,12923,8.114432662725449,9
1041,12929,4.456413634121418,6
1042,12936,5.750830948352814,7
1043,12950,10.69707852602005,14
1044,12965,14.275343716144562,15
1045,12974,7.959012269973755,9
1046,12982,6.596974194049835,8
1047,13043,46.41510659456253,61
1048,13078,26.250157356262207,35
1049,13087,7.654566198587418,9
1050,13107,14.302544057369232,20
1051,13112,3.856617044657469,5
1052,13129,13.642385125160217,17
1053,13144,13.356749176979065,15
1054,13155,10.110463544726372,11
1055,13168,9.611361563205719,13
1056,13177,7.593419075012207,9
1057,13187,8.955574750900269,10
1058,13193,4.76018351316452,6
1059,13205,10.756068229675293,12
1060,13211,5.273766189813614,6
1061,13234,19.639462113380432,23
1062,13242,6.3629260659217834,8
1063,13250,6.756480693817139,8
1064,13254,3.110495150089264,4
1065,13263,6.397490818053484,9
1066,13271,5.9948015213012695,8
1067,13278,5.3603901863098145,7
1068,13290,10.45036182552576,12
1069,13307,15.555458843708038,17
1070,13313,4.76018351316452,6
1071,13322,7.163592636585236,9
1072,13335,11.588073467835784,13
1073,13353,13.33439040184021,18
1074,13372,17.79069459438324,19
1075,13377,3.9590471386909485,5
1076,13400,20.846476763486862,23
1077,13410,7.960653245449066,10
1078,13419,7.955300271511078,9
1079,13428,6.287174850702286,9
1080,13442,13.066585302352905,14
1081,13456,12.38356500864029,14
1082,13463,5.957167446613312,7
1083,13469,4.957172393798828,6
1084,13477,6.205100178718567,8
1085,13483,5.277195036411285,6
1086,13518,31.48381108045578,35
1087,13533,11.298917531967163,15
1088,13538,3.9553723335266113,5
1089,13545,5.953481554985046,7
1090,13567,17.96655583381653,22
1091,13579,9.480774700641632,12
1092,13593,9.657015386968851,14
1093,13604,9.75829827785492,11
1094,13635,22.915871519595385,31
1095,13642,5.752395391464233,7
1096,13679,30.589213728904724,37
1097,13716,31.083857893943787,37
1098,13728,10.992693945765495,12
1099,13735,5.357762515544891,7
1100,13741,4.9571772813797,6
1101,13752,8.963018417358398,11
1102,13762,8.200261533260345,10
1103,13764,0.7989178895950317,2
1104,13770,5.110460534691811,6
1105,13779,8.118681281805038,9
1106,13801,15.112422466278076,22
1107,13816,12.443567752838135,15
1108,13832,12.704447537660599,16
1109,13865,27.6613729596138,33
1110,13870,3.6011106967926025,5
1111,13877,5.98547663167119,7
1112,13886,7.357662618160248,9
1113,13895,7.592532902956009,9
1114,13907,10.195299744606018,12
1115,13935,24.47495871782303,28
1116,13949,12.95186185836792,14
1117,13970,14.428953886032104,21
1118,13980,8.170556008815765,10
1119,13987,5.79069197177887,7
1120,14005,15.35650646686554,18
1121,14027,18.520896673202515,22
1122,14040,11.384014941751957,13
1123,14049,7.152428448200226,9
1124,14061,10.36242139339447,12
1125,14064,1.764922857284546,3
1126,14073,7.75420606136322,9
1127,14092,16.574339970946312,19
1128,14101,6.998712420463562,9
1129,14127,24.203304767608643,26
1130,14136,7.880628794431686,9
1131,14151,13.591188073158264,15
1132,14163,9.635453015565872,12
1133,14177,12.399982154369354,14
1134,14191,12.191122174263,14
1135,14200,6.807350158691406,9
1136,14203,1.6000372171401978,3
1137,14232,20.347775228321552,29
1138,14242,8.957162022590637,10
1139,14249,5.959013223648071,7
1140,14273,19.661124050617218,24
1141,14283,8.95504754781723,10
1142,14294,9.152592599391937,11
1143,14299,3.7585073709487915,5
1144,14311,10.199297189712524,12
1145,14315,2.3967478275299072,4
1146,14321,5.273483097553253,6
1147,14327,5.275354117155075,6
1148,14349,19.58801293373108,22
1149,14359,9.070813804864883,10
1150,14363,2.95578932762146,4
1151,14367,2.9592167139053345,4
1152,14372,3.3671956062316895,5
1153,14388,13.048069298267365,16
1154,14417,23.24939662218094,29
1155,14423,3.7261752486228943,6
1156,14426,1.764922857284546,3
1157,14441,12.64584070444107,15
1158,14458,13.954850316047668,17
1159,14475,14.166413366794586,17
1160,14489,12.1594820022583,14
1161,14503,13.076649636030197,14
1162,14530,24.746563613414764,27
1163,14545,12.38824051618576,15
1164,14547,1.2783909738063812,2
1165,14552,3.4093499183654785,5
1166,14575,19.757755517959595,23
1167,14579,2.399328649044037,4
1168,14582,1.9602091312408447,3
1169,14586,2.524379149079323,4
1170,14598,9.681282818317413,12
1171,14606,6.784615045413375,8
1172,14613,5.959013223648071,7
1173,14620,5.158801972866058,7
1174,14631,9.953728973865509,11
1175,14634,1.5982070565223694,3
1176,14661,24.58899235725403,27
1177,14673,10.959012269973755,12
1178,14682,8.074627995491028,9
1179,14691,7.959012269973755,9
1180,14697,4.7814646027982235,6
1181,14712,10.977591782808304,15
1182,14721,6.9544782638549805,9
1183,14749,23.49917560815811,28
1184,14753,2.5634323358535767,4
1185,14758,3.75812304019928,5
1186,14768,8.20115613937378,10
1187,14783,10.57350355386734,15
1188,14799,13.574449233710766,16
1189,14823,22.74563419818878,24
1190,14835,10.07641088962555,12
1191,14840,3.9556111693382263,5
1192,14843,1.9602091312408447,3
1193,14849,4.560082256793976,6
1194,14858,7.756061017513275,9
1195,14863,3.1952856183052063,5
1196,14871,6.570519432425499,8
1197,14881,8.549298405647278,10
1198,14910,26.546290338039398,29
1199,14922,10.752365946769714,12
1200,14926,3.050596132874489,4
1201,14936,8.957161843776703,10
1202,14959,19.20714169740677,23
1203,15003,31.860117316246033,44
1204,15009,4.959018170833588,6
1205,15015,4.715492941439152,6
1206,15018,2.0493490621447563,3
1207,15024,4.1634989976882935,6
1208,15043,17.346249878406525,19
1209,15053,7.682241976261139,10
1210,15065,9.604386031627655,12
1211,15083,16.189155161380768,18
1212,15099,14.55944049358368,16
1213,15127,23.82017159461975,28
1214,15142,13.361097157001495,15
1215,15170,22.53030025959015,28
1216,15185,12.797799825668335,15
1217,15198,11.949529588222504,13
1218,15223,22.560886085033417,25
1219,15234,9.207278966903687,11
1220,15241,5.718966573476791,7
1221,15245,2.957376480102539,4
1222,15252,5.125916510820389,7
1223,15296,33.921171844005585,44
1224,15301,2.812776803970337,5
1225,15304,1.764922857284546,3
1226,15315,9.190034478902817,11
1227,15328,11.551406502723694,13
1228,15364,28.67272287607193,36
1229,15386,20.75433111190796,22
1230,15397,9.357270061969757,11
1231,15406,7.561166346073151,9
1232,15424,16.39632958173752,18
1233,15439,13.75237226486206,15
1234,15452,11.153953671455383,13
1235,15458,4.95716792345047,6
1236,15465,5.754495620727539,7
1237,15470,3.75812304019928,5
1238,15492,19.744507253170013,22
1239,15532,33.02137589454651,40
1240,15540,6.955325663089752,8
1241,15554,11.921360701322556,14
1242,15566,10.165599524974823,12
1243,15576,8.756068229675293,10
1244,15579,1.5982070565223694,3
1245,15586,5.553578972816467,7
1246,15590,2.957376480102539,4
1247,15607,14.855282075703144,17
1248,15620,11.007421612739563,13
1249,15660,32.4361487030983,40
1250,15668,6.404283285140991,8
1251,15677,6.960834741592407,9
1252,15704,23.447653770446777,27
1253,15724,18.864303082227707,20
1254,15730,4.959018170833588,6
1255,15738,6.951885521411896,8
1256,15750,10.583816826343536,12
1257,15759,7.760177552700043,9
1258,15773,11.994594871997833,14
1259,15785,8.379999339580536,12
1260,15791,4.959018170833588,6
1261,15808,11.701298475265503,17
1262,15810,1.1985551565885544,2
1263,15819,7.756068766117096,9
1264,15837,13.533665418624878,18
1265,15847,8.845614597201347,10
1266,15870,20.424790244549513,23
1267,15895,20.993169236928225,25
1268,15943,36.49019193649292,48
1269,15958,11.526910364627838,15
1270,15977,17.188023507595062,19
1271,15995,12.660155057907104,18
1272,16002,5.753961622714996,7
1273,16017,13.720097377896309,15
1274,16034,15.75671112537384,17
1275,16040,4.9553104639053345,6
1276,16043,1.764922857284546,3
1277,16049,4.324109807610512,6
1278,16055,4.163043439388275,6
1279,16067,10.390656113624573,12
1280,16107,34.255960524082184,40
1281,16114,5.758337736129761,7
1282,16122,6.198927164077759,8
1283,16151,23.034811034798622,29
1284,16167,14.673928707838058,16
1285,16184,13.922240674495697,17
1286,16210,20.5098797082901,26
1287,16228,14.493616580963135,18
1288,16257,23.14937076345086,29
1289,16265,5.919055849313736,8
1290,16318,44.14212375879288,53
1291,16322,2.9592167139053345,4
1292,16326,2.9592167139053345,4
1293,16332,4.953234016895294,6
1294,16344,10.5571990609169,12
1295,16357,11.392541646957397,13
1296,16363,4.953752934932709,6
1297,16377,11.606938123703003,14
1298,16392,13.750557839870453,15
1299,16401,7.9555747509002686,9
1300,16418,14.798901677131653,17
1301,16433,12.68808627128601,15
1302,16441,6.761987149715424,8
1303,16478,28.590994358062744,37
1304,16482,2.7595089077949524,4
1305,16504,19.60857129096985,22
1306,16510,4.9571772813797,6
1307,16527,14.634921073913574,17
1308,16547,17.40252196788788,20
1309,16556,6.5961993932724,9
1310,16560,2.7943365573883057,4
1311,16578,16.786462604999542,18
1312,16584,5.050386883318424,6
1313,16593,7.7526350021362305,9
1314,16631,32.93019753694534,38
1315,16637,4.554774224758148,6
1316,16654,14.25085024535656,17
1317,16706,41.31138014793396,52
1318,16731,20.102370023727417,25
1319,16751,15.850375473499298,20
1320,16759,6.58959174156189,8
1321,16772,11.163592517375946,13
1322,16812,34.803218722343445,40
1323,16814,1.1962425112724304,2
1324,16820,4.752915382385254,6
1325,16827,5.757458865642548,7
1326,16832,3.759338676929474,5
1327,16844,9.91997218132019,12
1328,16867,20.74743562936783,23
1329,16881,12.356225848197937,14
1330,16884,1.9602091312408447,3
1331,16892,6.987589433789253,8
1332,16909,15.18222120963037,17
1333,16938,26.551414012908936,29
1334,16954,14.747478008270264,16
1335,16966,10.401354193687439,12
1336,16969,1.7671529054641724,3
1337,16977,5.585448175668716,8
1338,17005,23.053871273994446,28
1339,17023,15.154970645904541,18
1340,17050,23.960156559944153,27
1341,17061,9.95532101392746,11
1342,17064,1.764922857284546,3
1343,17070,4.920457750558853,6
1344,17082,9.167752981185913,12
1345,17087,4.0522498190402985,5
1346,17110,21.58331596851349,23
1347,17121,9.559040069580078,11
1348,17133,10.99313448369503,12
1349,17155,19.78779524564743,22
1350,17161,4.5555567145347595,6
1351,17178,11.90452355146408,17
1352,17195,15.362590968608856,17
1353,17203,5.766525030136108,8
1354,17209,4.594927191734314,6
1355,17237,23.493922889232635,28
1356,17264,23.43562752008438,27
1357,17315,43.17806714773178,51
1358,17348,25.15898507833481,33
1359,17379,25.81037598848343,31
1360,17386,5.959013223648071,7
1361,17412,24.3835596293211,26
1362,17428,11.18009901046753,16
1363,17446,15.593558132648468,18
1364,17462,14.952125549316406,16
1365,17478,13.845632061362267,16
1366,17482,2.996709793806076,4
1367,17489,5.595274329185486,7
1368,17529,33.84848475456238,40
1369,17568,35.383839428424835,39
1370,17580,9.558482587337494,12
1371,17636,44.58915750682354,56
1372,17673,31.419876635074615,37
1373,17684,9.164719641208649,11
1374,17714,24.496793568134308,30
1375,17726,10.644115626811981,12
1376,17738,9.450382828712463,12
1377,17742,2.757290780544281,4
1378,17759,14.163347244262695,17
1379,17797,32.83263409137726,38
1380,17805,6.40614515542984,8
1381,17853,40.33759045600891,48
1382,17857,2.398565411567688,4
1383,17868,9.756451845169067,11
1384,17881,10.171341061592102,13
1385,17886,3.9550915956497192,5
1386,17891,3.983335644006729,5
1387,17924,29.39389532804489,33
1388,17929,3.40323942899704,5
1389,17943,11.807309925556183,14
1390,17959,13.390145361423492,16
1391,17964,3.9590471386909485,5
1392,17973,7.953472316265106,9
1393,17982,7.403204560279846,9
1394,17985,1.9602091312408447,3
1395,17993,6.952157557010651,8
1396,18010,15.267458111047745,17
1397,18019,8.080700486898422,9
1398,18024,4.275359064340591,5
1399,18046,16.867360413074493,22
1400,18055,7.760177552700043,9
1401,18082,25.10797968506813,27
1402,18097,10.263754069805145,15
1403,18113,14.752483308315277,16
1404,18128,12.793355703353882,15
1405,18145,15.9531968832016,17
1406,18151,4.95716792345047,6
1407,18216,52.275407552719116,65
1408,18235,14.723888099193573,19
1409,18252,14.955358564853668,17
1410,18258,4.95716792345047,6
1411,18264,4.957168519496918,6
1412,18278,12.743114590644836,14
1413,18293,12.836182355880737,15
1414,18310,15.355738937854767,17
1415,18428,89.93223375082016,118
1416,18443,12.598470449447632,15
1417,18503,47.11935833841562,60
1418,18521,15.76768872141838,18
1419,18536,12.791647017002106,15
1420,18548,11.078603506088257,12
1421,18569,19.9513720870018,21
1422,18578,7.1644287109375,9
1423,18620,33.34993040561676,42
1424,18628,6.672804236412048,8
1425,18649,17.49865883588791,21
1426,18655,4.955063998699188,6
1427,18663,6.955304682254791,8
1428,18673,8.949784278869629,10
1429,18723,45.39277237653732,50
1430,18725,1.1962425112724304,2
1431,18735,8.957162022590637,10
1432,18762,25.147331297397614,27
1433,18786,22.747443914413452,24
1434,18797,9.748418092727661,11
1435,18800,1.9583725333213806,3
1436,18812,10.756194293498993,12
1437,18909,75.646036028862,97
1438,18922,11.557596385478973,13
1439,18929,5.959013223648071,7
1440,18950,16.96674132347107,21
1441,18970,18.19824230670929,20
1442,18983,11.553246676921844,13
1443,18989,4.394373714923859,6
1444,19004,13.007557570934296,15
1445,19024,17.755933225154877,20
1446,19028,3.2772289514541626,4
1447,19032,2.9592167139053345,4
1448,19069,31.686608970165253,37
1449,19078,7.199860990047455,9
1450,19089,8.999371111392975,11
1451,19096,5.750814378261566,7
1452,19111,12.756387054920197,15
1453,19135,20.09901761263609,24
1454,19163,25.159191846847534,28
1455,19176,11.20027607679367,13
1456,19203,23.162098348140717,27
1457,19216,10.955474972724915,13
1458,19225,7.752660155296326,9
1459,19257,25.375533521175385,32
1460,19290,26.101373264566064,33
1461,19296,4.792288362979889,6
1462,19307,8.762947738170624,11
1463,19341,28.06219494342804,34
1464,19348,5.5572399497032166,7
1465,19361,11.559434652328491,13
1466,19366,3.754189968109131,5
1467,19375,7.1936816573143005,9
1468,19391,14.754334509372711,16
1469,19430,36.021784245967865,39
1470,19451,16.249323576688766,21
1471,19460,7.754220068454742,9
1472,19465,3.9572063088417053,5
1473,19473,6.355758488178253,8
1474,19480,4.99838787317276,7
1475,19505,21.56709760427475,25
1476,19514,7.31923907995224,9
1477,19519,3.79232120513916,5
1478,19619,75.51068855822086,100
1479,19623,2.985178120434284,4
1480,19627,2.9573709964752197,4
1481,19669,34.38288915157318,42
1482,19680,9.751661002635956,11
1483,19704,20.044511079788208,24
1484,19720,13.678907632827759,16
1485,19732,10.191426396369934,12
1486,19736,3.1205496788024902,4
1487,19852,96.843277156353,116
1488,19877,22.605325281620026,25
1489,19893,14.955311596393585,16
1490,19904,8.713212992995977,11
1491,19908,2.786302739754319,4
1492,19934,23.407069385051727,26
1493,19968,27.983428180217743,34
1494,19980,10.656659290194511,12
1495,19994,12.70441272854805,14
1496,20001,5.205294489860535,7
1497,20030,24.43720054626465,29
1498,20050,17.188414454460144,20
1499,20059,7.9553210735321045,9
1500,20070,9.593433856964111,11
1501,20135,51.44213205575943,65
1502,20145,8.578249122947454,10
1503,20154,7.959012269973755,9
1504,20166,10.95532101392746,12
1505,20178,10.957161903381348,12
1506,20200,18.831995487213135,22
1507,20205,4.04874487221241,5
1508,20225,17.55073195695877,20
1509,20228,1.6000542640686035,3
1510,20234,4.757953464984894,6
1511,20243,7.957166492938995,9
1512,20255,10.161171734333038,12
1513,20263,6.916191175580025,8
1514,20273,8.756077647209167,10
1515,20286,11.23043025098741,13
1516,20333,38.052023112773895,47
1517,20345,9.996555268764496,12
1518,20351,4.558245003223419,6
1519,20357,4.594538182020187,6
1520,20362,3.3653498888015747,5
1521,20372,8.35838097333908,10
1522,20384,10.159525990486145,12
1523,20389,3.9553723335266113,5
1524,20402,10.18990421295166,13
1525,20423,15.41723757982254,21
1526,20433,8.197042107582092,10
1527,20463,26.55807274580002,30
1528,20482,15.160240292549133,19
1529,20486,3.2753793597221375,4
1530,20498,10.359501004219055,12
1531,20535,32.85058969259262,37
1532,20574,31.915373623371124,39
1533,20589,13.004513800144196,15
1534,20602,11.953729033470154,13
1535,20617,13.593038439750671,15
1536,20624,6.003183647990227,7
1537,20634,9.193489775061607,10
1538,20641,5.989439804106951,7
1539,20676,28.48245084285736,35
1540,20699,20.695955149829388,23
1541,20753,45.447230875492096,54
1542,20755,1.1962425112724304,2
1543,20783,22.65837550163269,28
1544,20792,8.273503482341766,9
1545,20815,20.130708038806915,23
1546,20833,15.094480991363525,18
1547,20845,10.874536633491516,12
1548,20860,13.54847115278244,15
1549,20868,6.757919549942017,8
1550,20890,19.192911565303802,22
1551,20895,3.560251832008362,5
1552,20949,41.6124923825264,54
1553,20975,22.59893935918808,26
1554,20988,11.955574750900269,13
1555,20995,5.959013223648071,7
1556,20999,2.957376480102539,4
1557,21004,3.9550942182540894,5
1558,21013,6.647324547171593,9
1559,21046,30.154555559158325,33
1560,21066,16.92427086830139,20
1561,21078,10.879466742277145,12
1562,21092,11.956820547580719,14
1563,21112,17.089881539344788,20
1564,21127,11.801315605640411,15
1565,21171,35.44760620594025,44
1566,21177,4.554792642593384,6
1567,21187,6.8114535212516785,10
1568,21195,6.957162141799927,8
1569,21206,9.95504754781723,11
1570,21210,2.9592167139053345,4
1571,21219,7.555375695228577,9
1572,21227,6.955574929714203,8
1573,21232,3.754165470600128,5
1574,21240,6.953206837177277,8
1575,21255,13.948450028896332,15
1576,21260,3.9571975469589233,5
1577,21270,8.95504754781723,10
1578,21278,6.588028263300657,8
1579,21292,12.593315482139587,14
1580,21375,69.25312089920044,83
1581,21378,1.9583725333213806,3
1582,21391,10.391099333763123,13
1583,21529,110.75655170530081,138
1584,21563,27.767123103141785,34
1585,21576,10.990098774433136,13
1586,21583,5.354693353176117,7
1587,21622,32.96374887228012,39
1588,21751,95.96684539318085,129
1589,21769,16.747224926948547,18
1590,21841,56.71234846115112,72
1591,21848,6.192612439393997,7
1592,21859,9.57891869917512,11
1593,21867,6.953474402427673,8
1594,21877,8.752651035785675,10
1595,21899,17.408349752426147,22
1596,21919,16.447842836380005,20
1597,21930,9.366027593612671,11
1598,21933,1.5041812490671873,3
1599,21940,5.955057621002197,7
1600,21949,7.959012269973755,9
1601,21957,6.959012389183044,8
1602,21978,18.008531868457794,21
1603,21997,16.604200959205627,19
1604,22004,5.957172334194183,7
1605,22010,4.683498382568359,6
1606,22036,21.851326048374176,26
1607,22040,2.9592167139053345,4
1608,22060,17.316982984542847,20
1609,22079,15.207454979419708,19
1610,22150,55.720261573791504,71
1611,22238,75.05356325209141,88
1612,22270,27.16717964410782,32
1613,22285,13.978776840493083,15
1614,22314,21.897805273532867,29
1615,22326,11.041634202003479,12
1616,22406,58.48992878198624,80
1617,22418,10.520463332533836,12
1618,22435,14.762860655784607,17
1619,22452,14.91740496456623,17
1620,22462,8.55352109670639,10
1621,22537,60.69742971658707,75
1622,22542,3.9590471386909485,5
1623,22548,5.076654404401779,6
1624,22561,11.793984696269035,13
1625,22584,19.844934105873108,23
1626,22596,10.35439258813858,12
1627,22606,8.198673844337463,10
1628,22636,25.255441665649414,30
1629,22657,20.268218159675598,21
1630,22662,4.193494722247124,5
1631,22685,20.311458468437195,23
1632,22714,24.24276304244995,29
1633,22747,30.472200989723206,33
1634,22759,11.113610312342644,12
1635,22777,16.343053877353668,18
1636,22784,5.959013223648071,7
1637,22871,74.97718912363052,87
1638,22905,27.813617944717407,34
1639,22913,5.963655352592468,8
1640,22966,48.788703978061676,53
1641,23035,57.1005625128746,69
1642,23055,17.35057407617569,20
1643,23075,18.547817885875702,20
1644,23121,37.36266887187958,46
1645,23127,4.5566325187683105,6
1646,23133,4.959018170833588,6
1647,23138,3.555775761604309,5
1648,23161,19.536315143108368,23
1649,23310,113.51899766921997,149
1650,23317,5.982038013637066,7
1651,23324,5.596646085381508,7
1652,23330,5.123406648635864,6
1653,23363,27.13466441631317,33
1654,23371,6.752111196517944,8
1655,23398,21.81883132457733,27
1656,23431,26.789297558367252,33
1657,23437,5.12053282558918,6
1658,23550,86.49958303570747,113
1659,23625,57.42021590471268,75
1660,23632,5.959013223648071,7
1661,23642,8.384421944618225,10
1662,23653,10.044585451483727,11
1663,23657,2.5660592317581177,4
1664,23660,1.9583725333213806,3
1665,23882,163.97367829084396,222
1666,23889,5.591190040111542,7
1667,23896,5.9553340673446655,7
1668,23917,19.7849066760391,21
1669,23920,1.9583725333213806,3
1670,23947,22.95084321498871,27
1671,24007,50.88966393470764,60
1672,24023,14.358464062213898,16
1673,24058,29.443371772766113,35
1674,24104,33.619632601737976,46
1675,24138,27.129468858242035,34
1676,24152,12.151628851890564,14
1677,24158,5.193941593170166,6
1678,24174,14.388723909854889,16
1679,24187,11.553505897521973,13
1680,24207,18.354649126529694,20
1681,24213,3.9978737831115723,6
1682,24231,15.951239705085754,18
1683,24241,8.756068229675293,10
1684,24246,3.9094212651252747,5
1685,24270,21.351230204105377,24
1686,24280,8.756077647209167,10
1687,24317,30.61028951406479,37
1688,24350,31.533835291862488,33
1689,24390,36.36251209676266,40
1690,24399,6.691053718328476,9
1691,24425,23.105374259874225,26
1692,24471,38.57615876197815,46
1693,24507,32.993032932281494,36
1694,24533,23.58994632959366,26
1695,24542,7.849051736295223,9
1696,24549,5.919439151883125,7
1697,24582,28.797365725040436,33
1698,24600,16.146587789058685,18
1699,24624,21.54982167482376,24
1700,24651,21.36869239807129,27
1701,24665,11.992473065853119,14
1702,24690,21.17148244380951,25
1703,24701,9.951348423957825,11
1704,24706,3.7611759305000305,5
1705,24718,10.790431320667267,12
1706,24724,4.957172393798828,6
1707,24761,29.376850485801697,37
1708,24781,18.947653472423553,20
1709,24893,87.18128244578838,112
1710,24905,10.785413563251495,12
1711,24915,8.957161903381348,10
1712,24923,6.554593086242676,8
1713,25095,135.82967615127563,172
1714,25103,6.957162141799927,8
1715,25111,6.957171440124512,8
1716,25207,73.81720846891403,96
1717,25231,20.788208961486816,24
1718,25242,9.950019717216492,11
1719,25269,22.290939450263977,27
1720,25282,10.600627839565277,13
1721,25306,20.72164237499237,24
1722,25332,23.35949808359146,26
1723,25368,31.95268404483795,36
1724,25374,5.12053282558918,6
1725,25389,11.884463489055634,15
1726,25418,23.081076085567474,29
1727,25453,30.35176110267639,35
1728,25469,13.192346632480621,16
1729,25483,10.645270586013794,14
1730,25530,35.58682930469513,47
1731,25536,4.959018170833588,6
1732,25542,4.959018170833588,6
1733,25582,32.93494129180908,40
1734,25649,53.048975348472595,67
1735,25799,119.57978583872318,150
1736,25821,18.164997398853302,22
1737,25830,7.554588139057159,9
1738,25851,18.758582890033722,21
1739,25855,2.9592167139053345,4
1740,25874,17.999746188521385,19
1741,25894,17.15010118484497,20
1742,25917,19.87469118833542,23
1743,25949,24.614545106887817,32
1744,26009,51.680809676647186,60
1745,26031,17.934713169932365,22
1746,26082,40.13266909867525,51
1747,26092,8.353304505348206,10
1748,26113,15.760833078995347,21
1749,26120,4.962757050991058,7
1750,26145,20.450619399547577,25
1751,26207,55.246138751506805,62
1752,26294,73.2310562133789,87
1753,26302,6.756078660488129,8
1754,26342,35.316396266222,40
1755,26365,20.604498028755188,23
1756,26415,44.94853991270065,50
1757,26423,4.892045497894287,8
1758,26438,13.916716679930687,15
1759,26476,33.394469141960144,38
1760,26481,3.9204725474119186,5
1761,26533,47.04443883895874,52
1762,26553,18.75321274995804,20
1763,26566,11.99948337674141,13
1764,26577,8.172163367271423,11
1765,26620,38.597565934062004,43
1766,26646,21.610529325902462,26
1767,26657,9.97852336987853,11
1768,26704,39.9698765873909,47
1769,26719,14.12340621650219,15
1770,26734,12.360585570335388,15
1771,26744,8.957161843776703,10
1772,26754,8.5853973031044,10
1773,26763,7.957171320915222,9
1774,26777,12.544268548488617,14
1775,26824,41.64728271961212,47
1776,26839,13.579816102981567,15
1777,26847,6.194240868091583,8
1778,26864,15.551672101020813,17
1779,26871,5.554604589939117,7
1780,26891,18.591188490390778,20
1781,26898,5.953476071357727,7
1782,27008,91.48888665437698,110
1783,27031,20.98306155204773,23
1784,27035,2.955271363258362,4
1785,27059,22.394228100776672,24
1786,27067,6.786739110946655,8
1787,27079,10.949782490730286,12
1788,27098,17.778538465499878,19
1789,27107,7.957161903381348,9
1790,27213,80.47919201850891,106
1791,27227,12.948194205760956,14
1792,27285,48.852368116378784,58
1793,27306,16.732142984867096,21
1794,27331,20.603661715984344,25
1795,27363,25.573186457157135,32
1796,27461,75.32717770338058,98
1797,27472,8.95498639345169,11
1798,27485,9.807232558727264,13
1799,27534,42.92877233028412,49
1800,27550,14.949517667293549,16
1801,27582,25.64955066330731,32
1802,27602,17.47296765446663,20
1803,27615,11.750630795955658,13
1804,27627,10.762518465518951,12
1805,27644,15.792281746864319,17
1806,27676,28.421998620033264,32
1807,27701,21.593860030174255,25
1808,27705,2.395910322666168,4
1809,27713,6.756078660488129,8
1810,27761,44.83051383495331,48
1811,27782,17.392870247364044,21
1812,27796,12.14847195148468,14
1813,27804,6.955321788787842,8
1814,27850,35.71953237056732,46
1815,27905,42.527251213788986,55
1816,27973,57.45120495557785,68
1817,28073,79.33198350667953,100
1818,28098,21.77108270674944,25
1819,28100,0.9660165309906006,2
1820,28107,5.959013223648071,7
1821,28116,6.406855344772339,9
1822,28121,4.271415859460831,5
1823,28137,14.199110805988312,16
1824,28204,51.093112364411354,67
1825,28208,3.1205496788024902,4
1826,28283,63.575812727212906,75
1827,28294,9.760177612304688,11
1828,28312,14.617989357560873,18
1829,28369,42.42884799838066,57
1830,28390,18.37165542691946,21
1831,28406,14.957161962985992,16
1832,28419,11.193083584308624,13
1833,28434,13.551140248775482,15
1834,28457,20.35642820596695,23
1835,28466,7.955049097537994,9
1836,28485,17.35139161348343,19
1837,28506,17.477427124977112,21
1838,28545,36.58908623456955,39
1839,28585,36.1448068022728,40
1840,28653,65.35958272218704,68
1841,28667,12.951370060443878,14
1842,28781,84.97872245311737,114
1843,28799,15.556439399719238,18
1844,28814,13.873908638954163,15
1845,28823,7.356928586959839,9
1846,28858,32.99284392595291,35
1847,28870,10.551415860652924,12
1848,28886,13.653464399278164,16
1849,28901,13.992851182818413,15
1850,28913,10.593418061733246,12
1851,28958,36.54955756664276,45
1852,28970,10.749180793762207,12
1853,28977,5.959013223648071,7
1854,28999,17.45267689228058,22
1855,29013,12.352791428565979,14
1856,29049,31.6265062764287,36
1857,29054,3.9572063088417053,5
1858,29092,30.631020843982697,38
1859,29126,28.877186357975006,34
1860,29143,14.394441295415163,17
1861,29151,7.106498911976814,8
1862,29158,5.5572399497032166,7
1863,29164,4.003463387489319,6
1864,29186,20.94763845205307,22
1865,29217,25.337993919849396,31
1866,29324,78.51273626089096,107
1867,29334,9.273505508899689,10
1868,29343,7.552185416221619,9
1869,29420,65.69739472866058,77
1870,29442,16.90737919136882,22
1871,29450,6.955047905445099,8
1872,29458,6.9825583547353745,8
1873,29484,23.748955070972443,26
1874,29512,21.60427361726761,28
1875,29565,39.49730706214905,53
1876,29589,20.040606796741486,24
1877,29594,3.9550915956497192,5
1878,29618,19.283762574195862,24
1879,29682,48.416298031806946,64
1880,29781,82.28431624174118,99
1881,29798,15.352539539337158,17
1882,29807,7.354141473770142,9
1883,29819,11.072697907686234,12
1884,29859,37.13980394601822,40
1885,29885,24.93705052137375,26
1886,29899,10.129246890544891,14
1887,29921,18.51676732301712,22
1888,29943,20.54636722803116,22
1889,29969,22.586411831900477,26
1890,30000,27.982448756694794,31
1891,30043,37.2439843416214,43
1892,30069,23.75555717945099,26
1893,30079,7.9537816643714905,10
1894,30097,15.342701971530914,18
1895,30104,5.957172334194183,7
1896,30131,23.52537339925766,27
1897,30166,30.24309116601944,35
1898,30185,16.47912210226059,19
1899,30192,5.957172334194183,7
1900,30200,6.554575622081757,8
1901,30217,15.556641101837158,17
1902,30225,6.7584779262542725,8
1903,30239,11.871474027633667,14
1904,30290,40.70778453350067,51
1905,30387,75.60991163551807,97
1906,30451,53.298606395721436,64
1907,30500,39.23707938194275,49
1908,30528,24.136885464191437,28
1909,30539,8.881072342395782,11
1910,30547,6.354667603969574,8
1911,30569,19.46994376182556,22
1912,30591,19.444617986679077,22
1913,30682,74.13823177665472,91
1914,30703,19.156835556030273,21
1915,30738,30.985103607177734,35
1916,30769,27.07426130771637,31
1917,30825,47.20980805158615,56
1918,30835,9.076649636030197,10
1919,30846,9.957161843776703,11
1920,30882,26.758395552635193,36
1921,30908,23.476005017757416,26
1922,30940,28.575542211532593,32
1923,30968,25.184475898742676,28
1924,30972,2.721166655421257,4
1925,30982,7.371130064129829,10
1926,31054,57.25321827828884,72
1927,31146,81.63707560300827,92
1928,31220,54.564142763614655,74
1929,31260,29.561028957366943,40
1930,31294,30.95298993587494,34
1931,31369,63.09534955024719,75
1932,31418,36.37167888879776,49
1933,31430,10.193676590919495,12
1934,31519,66.5550662279129,89
1935,31527,6.754068851470947,8
1936,31637,92.68881243467331,110
1937,31675,29.167793214321136,38
1938,31712,33.43726575374603,37
1939,31787,66.97184123285115,75
1940,31795,6.357599318027496,8
1941,31799,2.9592167139053345,4
1942,31825,19.54474663734436,26
1943,31847,16.06508219242096,22
1944,31921,62.50742417573929,74
1945,31955,31.141346216201782,34
1946,31974,17.5612850189209,19
1947,31985,9.957161843776703,11
1948,32112,101.30671381950378,127
1949,32232,90.4214255809784,120
1950,32265,29.40844029188156,33
1951,32372,80.19460090994835,107
1952,32408,31.761325538158417,36
1953,32525,92.38311868906021,117
1954,32544,13.895893216133118,19
1955,32550,4.355822563171387,6
1956,32622,63.47761312127113,72
1957,32647,22.952712178230286,25
1958,32662,11.80587512254715,15
1959,32707,41.31422670185566,45
1960,32772,52.22808727435768,65
1961,32820,35.194796830415726,48
1962,32831,9.794006541371346,11
1963,32839,6.707086831331253,8
1964,32868,24.418080307543278,29
1965,32878,8.871678739786148,10
1966,32957,67.63525959476829,79
1967,33103,120.26795566082001,146
1968,33105,1.0508547723293304,2
1969,33169,50.570617854595184,64
1970,33306,103.60793167352676,137
1971,33329,20.321382626891136,23
1972,33372,36.323150873184204,43
1973,33389,11.779892683029175,17
1974,33406,14.612035989761353,17
1975,33699,238.3215330839157,293
1976,33729,22.77628582715988,30
1977,33768,33.94118142127991,39
1978,33793,21.51673436164856,25
1979,33809,14.383606910705566,16
1980,33825,14.778963536024094,16
1981,33847,20.35410326719284,22
1982,33889,35.212556183338165,42
1983,33896,5.756083607673645,7
1984,33902,4.953488051891327,6
1985,33915,11.161322116851807,13
1986,33937,19.750454545021057,22
1987,33985,36.48124247789383,48
1988,34005,15.22647025436163,20
1989,34185,132.72093361616135,180
1990,34196,9.75395393371582,11
1991,34224,23.132612228393555,28
1992,34416,135.1845110654831,192
1993,34478,49.28601959347725,62
1994,34553,58.18032658100128,75
1995,34606,44.69972671568394,53
1996,34613,5.957167446613312,7
1997,34636,21.000750243663788,23
1998,34746,91.12401306629181,110
1999,34777,28.555489778518677,31
2000,34784,5.394290566444397,7
2001,34795,9.953737616539001,11
2002,34832,32.79591238498688,37
2003,34942,85.7517626285553,110
2004,34953,9.156854450702667,11
2005,35077,105.86299559473991,124
2006,35090,9.730529963970184,13
2007,35183,74.50139182806015,93
2008,35188,3.9590471386909485,5
2009,35247,46.11783969402313,59
2010,35277,25.69720485806465,30
2011,35289,10.957166492938995,12
2012,35298,7.580783721059561,9
2013,35320,17.88428145647049,22
2014,35513,141.1493946313858,193
2015,35542,26.238212943077087,29
2016,35555,11.552719354629517,13
2017,35612,45.16054975986481,57
2018,35618,4.9571772813797,6
2019,35713,84.03024326264858,95
2020,35839,95.73392470180988,126
2021,35861,17.76425325870514,22
2022,35914,43.42137062549591,53
2023,36028,84.81109416484833,114
2024,36031,2.0506338477134705,3
2025,36072,32.931582391262054,41
2026,36086,12.470147609710693,14
2027,36119,26.059845626354218,33
2028,36154,30.372656881809235,35
2029,36200,39.83837915956974,46
2030,36224,20.157940447330475,24
2031,36258,28.164208590984344,34
2032,36303,35.29624891281128,45
2033,36308,3.1952258348464966,5
2034,36363,47.16026872396469,55
2035,36381,16.070524096488953,18
2036,36430,42.16577351093292,49
2037,36484,44.18804097175598,54
2038,36547,56.26977081596851,63
2039,36600,39.57636511325836,53
2040,36623,17.692773938179016,23
2041,36630,6.0522483959794044,7
2042,36635,3.9590471386909485,5
2043,36677,34.01687300205231,42
2044,36688,9.955574750900269,11
2045,36711,19.48329046368599,23
2046,36774,46.551599979400635,63
2047,36828,45.344803154468536,54
2048,36846,16.147859036922455,18
2049,36866,16.720609426498413,20
2050,36944,59.53973838686943,78
2051,36953,7.010209500789642,9
2052,37046,73.79837012290955,93
2053,37064,16.74734193086624,18
2054,37071,4.8001373410224915,7
2055,37086,12.640826225280762,15
2056,37115,27.539252638816833,29
2057,37123,6.989911466836929,8
2058,37162,30.894208945333958,39
2059,37167,3.204545497894287,5
2060,37177,8.71608980000019,10
2061,37222,39.74522143602371,45
2062,37229,5.55277556180954,7
2063,37256,20.734561443328857,27
2064,37437,149.64701735973358,181
2065,37452,13.750241577625275,15
2066,37458,4.756095767021179,6
2067,37495,27.426113605499268,37
2068,37528,29.995395004749298,33
2069,37564,31.082183003425598,36
2070,37582,12.227969527244568,18
2071,37592,8.952921271324158,10
2072,37610,15.553561687469482,18
2073,37614,2.957376480102539,4
2074,37633,17.551403760910034,19
2075,37662,21.90146893262863,29
2076,37695,26.869675524532795,33
2077,37780,67.92853939533234,85
2078,37885,84.0663673877716,105
2079,37891,4.000818490982056,6
2080,37910,17.23625047504902,19
2081,37963,41.47990983724594,53
2082,37978,12.986864745616913,15
2083,37988,8.95189917087555,10
2084,38016,25.992568790912628,28
2085,38041,23.946092545986176,25
2086,38066,23.461559653282166,25
2087,38110,40.54938691854477,44
2088,38136,20.927458941936493,26
2089,38235,73.74822640419006,99
2090,38301,55.77881009504199,66
2091,38321,17.746832132339478,20
2092,38335,12.553525686264038,14
2093,38349,12.354836344718933,14
2094,38425,67.43937397003174,76
2095,38453,26.152453660964966,28
2096,38479,21.650284945964813,26
2097,38511,30.145647764205933,32
2098,38536,22.59723073244095,25
2099,38580,40.71988044679165,44
2100,38671,80.00133401155472,91
2101,38701,25.157116889953613,30
2102,38735,25.632551729679108,34
2103,38771,33.18819922208786,36
2104,38792,18.591009557247162,21
2105,38806,10.605599045753479,14
2106,38873,52.57420986890793,67
2107,38880,5.8727748692035675,7
2108,38893,11.949244260787964,13
2109,38908,12.515585958957672,15
2110,38964,47.637340515851974,56
2111,38977,11.356520295143127,13
2112,38992,13.247402220964432,15
2113,39019,25.57691138982773,27
2114,39027,6.754490673542023,8
2115,39062,27.7022847533226,35
2116,39089,23.05522459745407,27
2117,39116,25.744679510593414,27
2118,39163,35.20155191421509,47
2119,39199,34.55177819728851,36
2120,39213,13.043012097477913,14
2121,39251,35.3494753241539,38
2122,39268,15.553886234760284,17
2123,39342,63.472516506910324,74
2124,39354,10.073940098285675,12
2125,39368,12.555000722408295,14
2126,39383,13.548481702804565,15
2127,39396,11.955311715602875,13
2128,39411,13.554578125476837,15
2129,39441,23.129082143306732,30
2130,39512,59.76285803318024,71
2131,39531,17.146960258483887,19
2132,39553,20.93945449590683,22
2133,39622,60.15796226263046,69
2134,39636,12.166469514369965,14
2135,39724,65.91325080394745,88
2136,39754,28.14956760406494,30
2137,39782,22.732461512088776,28
2138,39797,12.083753824234009,15
2139,39836,32.853269159793854,39
2140,39852,14.951370179653168,16
2141,39858,4.955589294433594,6
2142,39893,31.240380682051182,35
2143,39905,9.364226341247559,12
2144,39936,24.915973901748657,31
2145,39984,42.816753804683685,48
2146,39990,5.273240685462952,6
2147,40123,99.6480273604393,133
2148,40144,19.352816343307495,21
2149,40156,10.595525562763214,12
2150,40167,9.554587125778198,11
2151,40197,27.077050790190697,30
2152,40207,8.45271573215723,10
2153,40251,35.77493900060654,44
2154,40275,19.325864136219025,24
2155,40322,40.840588092803955,47
2156,40326,2.5134674310684204,4
2157,40349,20.94649314880371,23
2158,40354,3.9590471386909485,5
2159,40376,19.475865945219994,22
2160,40401,22.394622802734375,25
2161,40421,18.555746138095856,20
2162,40448,23.473047614097595,27
2163,40472,22.945255994796753,24
2164,40511,37.52702158689499,39
2165,40524,10.876380950212479,13
2166,40557,26.6149480342865,33
2167,40609,40.80681574344635,52
2168,40639,25.32212656736374,30
2169,40659,17.796410739421844,20
2170,40688,27.1484135389328,29
2171,40703,13.555626809597015,15
2172,40781,62.399568259716034,78
2173,40834,42.2318617105484,53
2174,40850,14.187914192676544,16
2175,40867,12.69481086730957,17
2176,40892,21.312576174736023,25
2177,40907,12.046595811843872,15
2178,40910,1.5974290370941162,3
2179,40927,15.957171380519867,17
2180,40937,8.55561226606369,10
2181,40953,15.118110671639442,16
2182,40986,28.168955087661743,33
2183,41052,59.64840579032898,66
2184,41084,27.844853103160858,32
2185,41100,14.556515097618103,16
2186,41161,51.025122702121735,61
2187,41172,9.752642512321472,11
2188,41180,6.7592915296554565,8
2189,41480,221.1473832130432,300
2190,41532,46.439987659454346,52
2191,41560,26.335042536258698,28
2192,41587,25.063714891672134,27
2193,41612,21.43396669626236,25
2194,41693,64.63404035568237,81
2195,41725,28.00688201189041,32
2196,41743,16.44440098851919,18
2197,41768,23.54792946577072,25
2198,41839,57.483454406261444,71
2199,41849,8.524682596325874,10
2200,41893,39.54746460914612,44
2201,41922,22.698183625936508,29
2202,41997,56.800780951976776,75
2203,42007,8.7579185962677,10
2204,42229,197.10383087396622,222
2205,42265,29.664811491966248,36
2206,42268,2.0506338477134705,3
2207,42327,44.30815148353577,59
2208,42346,15.960634231567383,19
2209,42379,28.524740517139435,33
2210,42390,9.718963637948036,11
2211,42409,17.19134385883808,19
2212,42510,75.86537224054337,101
2213,42530,18.155364215373993,20
2214,42534,2.95578932762146,4
2215,42546,10.154302954673767,12
2216,42568,20.185372531414032,22
2217,42585,15.946561694145203,17
2218,42627,39.941993832588196,42
2219,42663,31.66474747657776,36
2220,42675,10.551149189472198,12
2221,42720,39.66738897562027,45
2222,42748,24.720346987247467,28
2223,42762,12.155359089374542,14
2224,42778,14.380611211061478,16
2225,42865,71.52484947443008,87
2226,42893,20.156751334667206,28
2227,42928,26.42863243818283,35
2228,42939,9.950037658214569,11
2229,42955,13.59896469116211,16
2230,42976,17.720354855060577,21
2231,42995,15.37038642168045,19
2232,43015,17.124551653862,20
2233,43081,61.68054135143757,66
2234,43125,31.454780995845795,44
2235,43143,16.355035960674286,18
2236,43191,37.27753412723541,48
2237,43226,33.77956597507,35
2238,43253,22.76588863134384,27
2239,43267,12.44680504500866,14
2240,43278,8.94807630777359,11
2241,43295,12.532237768173218,17
2242,43335,38.37009638547897,40
2243,43438,81.36048191785812,103
2244,43452,12.349624574184418,14
2245,43494,39.73792326450348,42
2246,43498,2.395910322666168,4
2247,43516,16.947106301784515,18
2248,43535,17.392188042402267,19
2249,43610,70.96450340747833,75
2250,43614,2.398565411567688,4
2251,43630,12.362345457077026,16
2252,43712,65.01580983400345,82
2253,43726,12.749190628528595,14
2254,43795,59.1699737906456,69
2255,43802,4.571932852268219,7
2256,43894,80.83721524477005,92
2257,43923,26.987319961190224,29
2258,43934,8.764820873737335,11
2259,43992,47.64539843797684,58
2260,44028,30.808383107185364,36
2261,44096,49.16413635015488,68
2262,44116,16.599031269550323,20
2263,44136,18.7905375957489,20
2264,44436,258.96228069067,300
2265,44464,26.538551151752472,28
2266,44558,85.31068992614746,94
2267,44571,11.380529172718525,13
2268,44576,3.95402067899704,5
2269,44598,17.293117821216583,22
2270,44617,14.336434692144394,19
2271,44633,14.075039088726044,16
2272,44720,78.75647015869617,87
2273,44738,13.972391366958618,18
2274,44757,17.750381469726562,19
2275,44766,6.402011573314667,9
2276,44821,47.3095965385437,55
2277,44857,31.36864511668682,36
2278,44872,13.357558071613312,15
2279,44883,9.95504754781723,11
2280,44888,3.849502459168434,5
2281,44897,7.559435665607452,9
2282,44927,27.82410329580307,30
2283,44938,9.84153936803341,11
2284,44977,35.656666250899434,39
2285,45010,26.315058410167694,33
2286,45021,9.790574796497822,11
2287,45029,6.955333173274994,8
2288,45052,16.93639212846756,23
2289,45070,14.68112812936306,18
2290,45093,20.794757902622223,23
2291,45107,12.754500567913055,14
2292,45142,30.722002029418945,35
2293,45185,33.656334698200226,43
2294,45216,28.35414081811905,31
2295,45248,30.386318802833557,32
2296,45284,31.72879385948181,36
2297,45318,30.746446192264557,34
2298,45325,5.756083607673645,7
2299,45349,21.483999893069267,24
2300,45458,97.52734941244125,109
2301,45500,39.97626167535782,42
2302,45508,6.752633273601532,8
2303,45517,7.559050381183624,9
2304,45558,36.361962735652924,41
2305,45568,8.157654762268066,10
2306,45584,13.225599363446236,16
2307,45625,38.947104692459106,41
2308,45715,80.72995615005493,90
2309,45762,44.26450443267822,47
2310,45789,23.90912365913391,27
2311,45808,17.3867706656456,19
2312,45825,14.20391070842743,17
2313,45854,24.404139399528503,29
2314,45888,30.88504123687744,34
2315,45893,3.957201361656189,5
2316,45933,35.95372211933136,40
2317,45993,49.496657364070415,60
2318,46009,14.146807253360748,16
2319,46019,8.756060898303986,10
2320,46057,36.73610997200012,38
2321,46072,12.913022994995117,15
2322,46180,83.46641910076141,108
2323,46249,61.45264422893524,69
2324,46273,19.312248051166534,24
2325,46281,6.949773669242859,8
2326,46353,65.69318586587906,72
2327,46363,8.785894870758057,10
2328,46384,14.898912250995636,21
2329,46462,66.18817287683487,78
2330,46474,10.947415709495544,12
2331,46490,14.94580489397049,16
2332,46516,21.851251244544983,26
2333,46574,47.92051011323929,58
2334,46586,9.010605216026306,12
2335,46595,7.756068468093872,9
2336,46653,53.732006231322885,58
2337,46661,6.851523175835609,8
2338,46710,46.059439569711685,49
2339,46771,57.16742944717407,61
2340,46816,39.28913998603821,45
2341,46852,31.358903348445892,36
2342,46881,25.962230265140533,29
2343,46954,54.89578276872635,73
2344,47000,41.276476323604584,46
2345,47072,59.55686128139496,72
2346,47098,23.54628562927246,26
2347,47125,18.921783983707428,27
2348,47146,19.949232697486877,21
2349,47155,7.953721344470978,9
2350,47198,38.03046518564224,43
2351,47219,17.56698328256607,21
2352,47233,12.550315797328949,14
2353,47242,7.950035452842712,9
2354,47262,17.035754024982452,20
2355,47278,14.552316069602966,16
2356,47361,71.39260786771774,83
2357,47415,47.36906236410141,54
2358,47449,31.778557658195496,34
2359,47469,16.5619957447052,20
2360,47478,7.95318990945816,9
2361,47510,28.96204924583435,32
2362,47531,19.351243436336517,21
2363,47538,5.554622113704681,7
2364,47569,28.783559918403625,31
2365,47592,20.55938547849655,23
2366,47602,8.957171320915222,10
2367,47623,19.583769619464874,21
2368,47645,20.377559505403042,22
2369,47662,15.758303344249725,17
2370,47734,62.11105227470398,72
2371,47756,21.04500910639763,22
2372,47779,17.03106001019478,23
2373,47807,26.064366102218628,28
2374,47822,13.95505666732788,15
2375,47883,50.32594459503889,61
2376,47889,4.957168519496918,6
2377,47930,36.56033868342638,41
2378,47961,29.18696516752243,31
2379,47986,23.74480640888214,25
2380,48017,29.132205486297607,31
2381,48023,4.9571772813797,6
2382,48059,31.264660894870758,36
2383,48107,46.14426362514496,48
2384,48162,46.700364999473095,55
2385,48207,42.373381435871124,45
2386,48264,51.006060898303986,57
2387,48271,5.5590842962265015,7
2388,48304,31.139154493808746,33
2389,48361,52.78477519750595,57
2390,48421,51.53593730926514,60
2391,48465,37.32128006219864,44
2392,48472,5.5546130537986755,7
2393,48488,13.199441909790039,16
2394,48506,14.491264402866364,18
2395,48521,12.287242993712425,15
2396,48548,25.17802131175995,27
2397,48553,3.75812304019928,5
2398,48599,35.79883885383606,46
2399,48628,27.353856325149536,29
2400,48652,22.189094737172127,24
2401,48664,10.959012269973755,12
2402,48677,11.951373279094696,13
2403,48688,9.955321073532104,11
2404,48720,30.75093537569046,32
2405,48732,8.808028817176819,12
2406,48740,6.58762726560235,8
2407,48752,10.951626420021057,12
2408,48775,18.329408168792725,23
2409,48797,17.332747638225555,22
2410,48822,23.196869671344757,25
2411,48832,8.953975856304169,10
2412,48868,33.308197394013405,36
2413,48881,11.957161903381348,13
2414,48892,9.347505569458008,11
2415,48916,22.944242656230927,24
2416,48936,17.07504892349243,20
2417,48944,7.1170297265052795,8
2418,49054,78.90942212939262,110
2419,49061,5.756074547767639,7
2420,49126,53.84041613340378,65
2421,49143,14.157378077507019,17
2422,49191,38.06785535812378,48
2423,49199,6.71707309782505,8
2424,49219,18.955574870109558,20
2425,49227,6.555352807044983,8
2426,49248,18.63540607690811,21
2427,49283,33.15746694803238,35
2428,49306,21.64156060665846,23
2429,49336,28.589709028601646,30
2430,49352,14.339393973350525,16
2431,49362,6.253463387489319,10
2432,49380,15.757267117500305,18
2433,49389,7.672520756721497,9
2434,49395,4.756103575229645,6
2435,49417,20.5082036703825,22
2436,49454,35.54768532514572,37
2437,49465,6.989824593067169,11
2438,49536,56.69217640161514,71
2439,49561,23.551621675491333,25
2440,49572,9.675746232271194,11
2441,49626,39.4900434166193,54
2442,49644,16.55299061536789,18
2443,49667,21.588608503341675,23
2444,49679,10.955574989318848,12
2445,49719,38.339290380477905,40
2446,49741,20.312743723392487,22
2447,49757,14.864239871501923,16
2448,49794,32.332537829875946,37
2449,49833,35.848342690616846,39
2450,49876,40.35311907529831,43
2451,49909,28.92813402414322,33
2452,49924,11.8156156539917,15
2453,49936,9.881061971187592,12
2454,49963,23.311830759048462,27
