episode,global_step,episode_reward,episode_length,epsilon,avg_loss,crashed,train_density
1,27,21.2585305626282,27,0.997435,nan,1,0.6
2,32,3.9590471683324666,5,0.99696,nan,1,0.6
3,62,25.053497611013317,30,0.99411,nan,0,0.6
4,71,7.594210014853507,9,0.993255,nan,1,0.6
5,95,17.913305061997693,24,0.990975,nan,1,0.6
6,125,25.278274223541374,30,0.988125,nan,1,0.6
7,155,21.085744689117664,30,0.985275,nan,0,0.6
8,179,19.719587176215157,24,0.982995,nan,1,0.6
9,189,8.953734226762998,10,0.9820450000000001,nan,1,0.6
10,218,21.82471898598308,29,0.97929,nan,1,0.6
11,248,21.505891656466744,30,0.97644,nan,0,0.6
12,278,24.659415859296857,30,0.97359,nan,0,0.6
13,308,26.151806534599885,30,0.97074,nan,0,0.6
14,338,25.943348918014873,30,0.96789,nan,0,0.6
15,345,4.523754948641141,7,0.967225,nan,1,0.6
16,364,13.077518721541455,19,0.96542,nan,1,0.6
17,382,13.8645615145674,18,0.96371,nan,1,0.6
18,412,22.161231049631752,30,0.96086,nan,0,0.6
19,426,11.960074521916194,14,0.95953,nan,1,0.6
20,456,21.01956855889982,30,0.95668,nan,0,0.6
21,461,3.5672968598445185,5,0.956205,nan,1,0.6
22,472,9.16624372985087,11,0.95516,nan,1,0.6
23,484,9.956961254332047,12,0.95402,nan,1,0.6
24,487,2.1954904485736004,3,0.953735,nan,1,0.6
25,517,25.623365223280647,30,0.950885,nan,0,0.6
26,530,10.591462025408397,13,0.94965,nan,1,0.6
27,546,14.051970311546416,16,0.94813,nan,1,0.6
28,558,8.674763498888069,12,0.94699,nan,1,0.6
29,572,9.651578788544306,14,0.94566,nan,1,0.6
30,602,21.720699242469056,30,0.94281,nan,0,0.6
31,632,26.757148165371717,30,0.93996,nan,0,0.6
32,662,22.847045677957603,30,0.93711,nan,0,0.6
33,667,3.9572014196905787,5,0.936635,nan,1,0.6
34,673,4.756112614600217,6,0.936065,nan,1,0.6
35,703,22.69391637861166,30,0.933215,nan,0,0.6
36,733,22.554118661452573,30,0.930365,nan,0,0.6
37,763,25.765703646855798,30,0.927515,nan,0,0.6
38,793,25.332457526133723,30,0.9246650000000001,nan,0,0.6
39,821,20.579344843565448,28,0.922005,nan,1,0.6
40,851,26.311151168235504,30,0.919155,nan,1,0.6
41,879,21.701553137698877,28,0.9164950000000001,nan,1,0.6
42,896,11.948278967665953,17,0.91488,nan,1,0.6
43,926,21.87911391090967,30,0.91203,nan,0,0.6
44,937,9.271307904456426,11,0.910985,nan,1,0.6
45,951,10.686226953783395,14,0.909655,nan,1,0.6
46,981,21.923616204695605,30,0.906805,nan,0,0.6
47,1002,15.575484272174378,21,0.90481,nan,1,0.6
48,1032,25.82123718424772,30,0.90196,nan,0,0.6
49,1043,7.37672853503518,11,0.900915,nan,1,0.6
50,1056,9.602230306964163,13,0.89968,nan,1,0.6
51,1073,13.344381459231958,17,0.898065,nan,1,0.6
52,1103,23.226746024326477,30,0.895215,nan,0,0.6
53,1133,25.44130274947748,30,0.892365,nan,1,0.6
54,1163,22.62767596216468,30,0.8895150000000001,nan,0,0.6
55,1193,25.297395345566674,30,0.886665,nan,0,0.6
56,1223,22.627096756107953,30,0.883815,nan,0,0.6
57,1241,15.446538874391475,18,0.882105,nan,1,0.6
58,1252,8.922041078380653,11,0.88106,nan,1,0.6
59,1264,8.487144016404851,12,0.87992,nan,1,0.6
60,1279,11.50642060179644,15,0.878495,nan,1,0.6
61,1287,5.998272411970519,8,0.877735,nan,1,0.6
62,1298,8.995370595615658,11,0.87669,nan,1,0.6
63,1304,4.165705041962056,6,0.87612,nan,1,0.6
64,1314,7.120611186574529,10,0.87517,nan,1,0.6
65,1324,7.996853780311674,10,0.87422,nan,1,0.6
66,1348,17.545033924349543,24,0.8719399999999999,nan,1,0.6
67,1357,6.295742470228001,9,0.871085,nan,1,0.6
68,1376,16.79158699145094,19,0.86928,nan,1,0.6
69,1400,21.081337492968647,24,0.867,nan,1,0.6
70,1430,24.735242617677063,30,0.86415,nan,0,0.6
71,1454,21.83757086176603,24,0.86187,nan,1,0.6
72,1463,6.394493357657313,9,0.861015,nan,1,0.6
73,1493,27.07419303206211,30,0.8581650000000001,nan,0,0.6
74,1508,10.447879343654169,15,0.8567400000000001,nan,1,0.6
75,1523,10.180920248435145,15,0.855315,nan,1,0.6
76,1553,22.399662459224174,30,0.852465,nan,0,0.6
77,1583,21.48982713096648,30,0.849615,nan,0,0.6
78,1613,23.625659423307027,30,0.846765,nan,0,0.6
79,1631,17.071111487454765,18,0.845055,nan,1,0.6
80,1649,14.124784399895752,18,0.843345,nan,1,0.6
81,1679,23.033255163884444,30,0.840495,nan,0,0.6
82,1709,24.045932303848726,30,0.837645,nan,0,0.6
83,1739,25.00841404300949,30,0.834795,nan,0,0.6
84,1764,20.330936325199104,25,0.8324199999999999,nan,1,0.6
85,1775,7.726280725737238,11,0.831375,nan,1,0.6
86,1804,22.689059544666215,29,0.82862,nan,1,0.6
87,1809,3.758507393455113,5,0.828145,nan,1,0.6
88,1839,25.61079264539289,30,0.825295,nan,0,0.6
89,1869,21.928468186508187,30,0.822445,nan,0,0.6
90,1899,22.991476622451632,30,0.819595,nan,0,0.6
91,1913,11.849547931818078,14,0.818265,nan,1,0.6
92,1926,9.05809203868893,13,0.81703,nan,1,0.6
93,1956,23.703584052801634,30,0.81418,nan,0,0.6
94,1986,28.57723365103769,30,0.81133,nan,0,0.6
95,2013,20.18296486529513,27,0.808765,nan,1,0.6
96,2030,14.325126284757491,17,0.80715,nan,1,0.6
97,2060,23.594788498964245,30,0.8043,nan,0,0.6
98,2090,21.30205594390183,30,0.80145,nan,0,0.6
99,2120,21.77073733177999,30,0.7986,nan,0,0.6
100,2150,21.328516838103003,30,0.79575,nan,0,0.6
101,2180,22.184728106690056,30,0.7929,nan,0,0.6
102,2210,23.669004111102694,30,0.79005,nan,0,0.6
103,2240,25.13872058053112,30,0.7872,nan,0,0.6
104,2265,19.809094353329247,25,0.784825,nan,1,0.6
105,2295,26.73509345159143,30,0.781975,nan,0,0.6
106,2325,21.645109709920238,30,0.7791250000000001,nan,0,0.6
107,2350,19.958484343995618,25,0.77675,nan,1,0.6
108,2354,2.9194708959270255,4,0.77637,nan,1,0.6
109,2384,21.057564651513935,30,0.77352,nan,0,0.6
110,2409,20.41151115720146,25,0.771145,nan,1,0.6
111,2439,21.213581135972124,30,0.768295,nan,0,0.6
112,2449,8.353975607660466,10,0.7673449999999999,nan,1,0.6
113,2459,7.9614162907299955,10,0.7663949999999999,nan,1,0.6
114,2489,21.885923261193152,30,0.763545,nan,0,0.6
115,2519,27.601493617944833,30,0.760695,nan,0,0.6
116,2549,25.04842643265225,30,0.757845,nan,0,0.6
117,2554,3.75812300647113,5,0.75737,nan,1,0.6
118,2570,11.455983080715843,16,0.75585,nan,1,0.6
119,2585,12.796449193086982,15,0.754425,nan,1,0.6
120,2615,24.472951683790484,30,0.751575,nan,0,0.6
121,2624,7.005675874678035,9,0.75072,nan,1,0.6
122,2654,21.836348769372986,30,0.74787,nan,0,0.6
123,2665,8.200384791903236,11,0.7468250000000001,nan,1,0.6
124,2679,9.664848955545292,14,0.745495,nan,1,0.6
125,2709,21.32107863153395,30,0.742645,nan,0,0.6
126,2739,22.31710622327656,30,0.739795,nan,0,0.6
127,2754,12.758597748827526,15,0.73837,nan,1,0.6
128,2780,19.66370602940053,26,0.7359,nan,1,0.6
129,2810,20.885182016562567,30,0.73305,nan,0,0.6
130,2840,25.610304338901255,30,0.7302,nan,0,0.6
131,2870,21.373640091835842,30,0.72735,nan,0,0.6
132,2889,17.354904486702026,19,0.725545,nan,1,0.6
133,2919,25.00841185999537,30,0.7226950000000001,nan,0,0.6
134,2949,24.1421936980098,30,0.7198450000000001,nan,0,0.6
135,2963,10.728317769698602,14,0.718515,nan,1,0.6
136,2993,26.965582045790683,30,0.715665,nan,0,0.6
137,3023,21.564768329729457,30,0.712815,nan,0,0.6
138,3035,10.167135915977427,12,0.7116750000000001,nan,1,0.6
139,3050,12.163343840685473,15,0.71025,nan,1,0.6
140,3058,6.7548778637032605,8,0.70949,nan,1,0.6
141,3088,26.170185853198404,30,0.7066399999999999,nan,0,0.6
142,3118,22.985817772424582,30,0.7037899999999999,nan,0,0.6
143,3132,11.01401918679007,14,0.7024600000000001,nan,1,0.6
144,3162,22.120620662070593,30,0.6996100000000001,nan,0,0.6
145,3192,23.153206382835325,30,0.69676,nan,0,0.6
146,3196,2.982558112130826,4,0.69638,nan,1,0.6
147,3226,21.75504699911928,30,0.69353,nan,0,0.6
148,3237,7.995460194967527,11,0.692485,nan,1,0.6
149,3248,9.94844928626359,11,0.69144,nan,1,0.6
150,3274,21.560609851325616,26,0.68897,nan,1,0.6
151,3304,24.201366331476194,30,0.6861200000000001,nan,0,0.6
152,3322,14.968340505868069,18,0.68441,nan,1,0.6
153,3348,22.04210341267568,26,0.68194,nan,1,0.6
154,3355,5.047491436491241,7,0.6812750000000001,nan,1,0.6
155,3370,11.986761532332993,15,0.6798500000000001,nan,1,0.6
156,3375,3.9590471683324666,5,0.6793750000000001,nan,1,0.6
157,3380,3.758512897770461,5,0.6789000000000001,nan,1,0.6
158,3392,8.905173555961055,12,0.67776,nan,1,0.6
159,3400,6.159698298207093,8,0.677,nan,1,0.6
160,3406,4.198696051042128,6,0.67643,nan,1,0.6
161,3436,26.604863984683565,30,0.6735800000000001,nan,0,0.6
162,3458,15.390176186256346,22,0.67149,nan,1,0.6
163,3488,22.069235140141224,30,0.66864,nan,0,0.6
164,3495,5.158469161925414,7,0.667975,nan,1,0.6
165,3525,24.781221417888037,30,0.665125,nan,0,0.6
166,3543,15.785999927719672,18,0.6634150000000001,nan,1,0.6
167,3566,18.45059790845789,23,0.66123,nan,1,0.6
168,3576,8.156300424867643,10,0.66028,nan,1,0.6
169,3606,22.95170046402259,30,0.65743,nan,0,0.6
170,3632,19.541821282349428,26,0.65496,nan,1,0.6
171,3645,9.613636363636362,13,0.653725,nan,1,0.6
172,3675,22.993488410022277,30,0.6508750000000001,nan,0,0.6
173,3680,3.953519466070628,5,0.6504000000000001,nan,1,0.6
174,3710,20.89189702994109,30,0.6475500000000001,nan,0,0.6
175,3740,26.404637965172896,30,0.6447,nan,0,0.6
176,3770,25.485470354349424,30,0.64185,nan,0,0.6
177,3800,21.483679108491387,30,0.639,nan,0,0.6
178,3830,22.710418902236313,30,0.63615,nan,0,0.6
179,3860,21.485165519527193,30,0.6333,nan,0,0.6
180,3888,23.210650966405705,28,0.6306400000000001,nan,1,0.6
181,3918,27.921567196791774,30,0.6277900000000001,nan,0,0.6
182,3932,9.939845649666164,14,0.62646,nan,1,0.6
183,3954,19.757792199582685,22,0.6243700000000001,nan,1,0.6
184,3984,23.07304982915068,30,0.6215200000000001,nan,0,0.6
185,4014,24.972599720506526,30,0.61867,nan,0,0.6
186,4027,10.005342357891976,13,0.617435,nan,1,0.6
187,4040,9.999731259787474,13,0.6162,nan,1,0.6
188,4066,20.08275888624373,26,0.61373,nan,1,0.6
189,4085,14.139224103642285,19,0.611925,nan,1,0.6
190,4115,25.61362881897203,30,0.609075,nan,0,0.6
191,4127,9.958966521968792,12,0.607935,nan,1,0.6
192,4150,20.726636551036098,23,0.60575,nan,1,0.6
193,4180,21.601857833175533,30,0.6029,nan,0,0.6
194,4191,8.555962873103939,11,0.601855,nan,1,0.6
195,4207,14.357130408461828,16,0.6003350000000001,nan,1,0.6
196,4237,23.433242589622566,30,0.597485,nan,0,0.6
197,4246,5.885080603124592,9,0.59663,nan,1,0.6
198,4276,22.20186288108839,30,0.59378,nan,0,0.6
199,4294,13.80406697370991,18,0.5920700000000001,nan,1,0.6
200,4324,21.41198942074292,30,0.5892200000000001,nan,0,0.6
201,4354,22.54755211364453,30,0.5863700000000001,nan,0,0.6
202,4363,7.155622472049558,9,0.585515,nan,1,0.6
203,4393,24.460635177960974,30,0.582665,nan,0,0.6
204,4413,15.28752729425704,20,0.580765,nan,1,0.6
205,4422,8.273486319971203,9,0.57991,nan,1,0.6
206,4442,16.604282178123523,20,0.57801,nan,1,0.6
207,4472,22.27879535390539,30,0.5751600000000001,nan,0,0.6
208,4477,4.072167473458656,5,0.5746850000000001,nan,1,0.6
209,4488,9.754067826080892,11,0.57364,nan,1,0.6
210,4498,7.19677108338139,10,0.57269,nan,1,0.6
211,4512,9.96872085218026,14,0.5713600000000001,nan,1,0.6
212,4542,21.57329762556639,30,0.5685100000000001,nan,0,0.6
213,4572,21.11733819242384,30,0.56566,nan,0,0.6
214,4580,5.600436028462465,8,0.5649,nan,1,0.6
215,4591,8.957995762078292,11,0.563855,nan,1,0.6
216,4610,15.525177961218603,19,0.5620499999999999,nan,1,0.6
217,4640,26.880674169274673,30,0.5591999999999999,nan,0,0.6
218,4670,21.919440417607117,30,0.55635,nan,0,0.6
219,4682,9.598227551383621,12,0.55521,nan,1,0.6
220,4689,5.281837164901738,7,0.5545450000000001,nan,1,0.6
221,4694,4.195799432352943,5,0.5540700000000001,nan,1,0.6
222,4717,18.57157694903081,23,0.551885,nan,1,0.6
223,4740,16.584723449072193,23,0.5497000000000001,nan,1,0.6
224,4749,6.680820044875718,9,0.548845,nan,1,0.6
225,4779,29.735563232453757,30,0.545995,nan,0,0.6
226,4809,23.54275986636132,30,0.543145,nan,0,0.6
227,4839,22.111184093747404,30,0.540295,nan,0,0.6
228,4850,9.952126433588893,11,0.53925,nan,1,0.6
229,4862,10.957161889249791,12,0.53811,nan,1,0.6
230,4888,22.72806866872264,26,0.53564,nan,1,0.6
231,4902,10.613502735821381,14,0.5343100000000001,nan,1,0.6
232,4914,9.153671648385496,12,0.53317,nan,1,0.6
233,4944,21.450569802578563,30,0.53032,nan,0,0.6
234,4974,23.011756444209038,30,0.52747,nan,0,0.6
235,5004,23.311712112362105,30,0.5246200000000001,0.331634059548378,0,0.6
236,5027,19.25143632803217,23,0.522435,0.06326855459938878,1,0.6
237,5049,18.533246432095787,22,0.5203450000000001,0.03432756340639158,1,0.6
238,5079,27.15303069393235,30,0.517495,0.030990409851074218,0,0.6
239,5083,2.9573710298187494,4,0.517115,0.024128942750394344,1,0.6
240,5095,10.761140989294608,12,0.5159750000000001,0.028513919639711578,1,0.6
241,5105,8.561290745073263,10,0.5150250000000001,0.02133399425074458,1,0.6
242,5135,28.35957658222191,30,0.512175,0.029066050642480454,0,0.6
243,5143,6.407990123180434,8,0.5114150000000001,0.028323145816102624,1,0.6
244,5149,4.316327668779471,6,0.510845,0.02736784890294075,1,0.6
245,5176,23.857716386517446,27,0.5082800000000001,0.0315636325351618,1,0.6
246,5182,4.955334021795722,6,0.5077100000000001,0.02949011481056611,1,0.6
247,5195,11.19363277335012,13,0.506475,0.028276189875144225,1,0.6
248,5199,2.983369274669937,4,0.506095,0.031991722993552685,1,0.6
249,5207,6.95531634221785,8,0.505335,0.02912400069180876,1,0.6
250,5230,18.810776063354297,23,0.50315,0.02521702388058538,1,0.6
251,5254,21.955079146500257,24,0.50087,0.029274562063316505,1,0.6
252,5271,15.105396935355682,17,0.499255,0.028058081618784106,1,0.6
253,5298,22.968057099097386,27,0.49668999999999996,0.027945717581099382,1,0.6
254,5317,16.728443480153736,19,0.494885,0.03154262292541956,1,0.6
255,5336,17.758298377396777,19,0.4930800000000001,0.025615592315596968,1,0.6
256,5344,6.589851159116363,8,0.4923200000000001,0.030294590862467885,1,0.6
257,5365,19.360571846954695,21,0.490325,0.028445240908435414,1,0.6
258,5369,2.7591154181621453,4,0.48994499999999996,0.02151948492974043,1,0.6
259,5388,17.194350990517126,19,0.48814000000000013,0.02804031697297959,1,0.6
260,5413,23.794354791011944,25,0.485765,0.03469666566699743,1,0.6
261,5423,8.953459397457852,10,0.484815,0.0228641502559185,1,0.6
262,5431,6.959012388268193,8,0.484055,0.025443437043577433,1,0.6
263,5450,17.159168914900384,19,0.48224999999999996,0.03122238265840631,1,0.6
264,5479,27.358759009314223,29,0.479495,0.02755504445140732,1,0.6
265,5504,21.566009039744838,25,0.47712,0.031108199302107096,1,0.6
266,5525,18.756450772343033,21,0.475125,0.028203676144282024,1,0.6
267,5530,3.9590471683324666,5,0.47465,0.030981817469000816,1,0.6
268,5560,29.552547990150767,30,0.4718,0.026750676209727924,0,0.6
269,5590,27.95943672573774,30,0.46895,0.03173756574591001,1,0.6
270,5616,23.357872880463912,26,0.46648,0.028587752039759204,1,0.6
271,5629,11.723829187253212,13,0.465245,0.019591605899712213,1,0.6
272,5638,7.023292876329952,9,0.4643900000000001,0.02463199312074317,1,0.6
273,5661,20.83406145064196,23,0.462205,0.030042299595863922,1,0.6
274,5678,15.75829908799295,17,0.46059000000000005,0.022106354754856405,1,0.6
275,5684,4.756112615352729,6,0.46002,0.028238824219442904,1,0.6
276,5689,3.9572014196905787,5,0.4595450000000001,0.030957525596022606,1,0.6
277,5705,14.79409398497251,16,0.458025,0.022578511096071452,1,0.6
278,5716,9.765955951097201,11,0.45698000000000005,0.03196065398779782,1,0.6
279,5725,7.955575005760356,9,0.456125,0.026246072103579838,1,0.6
280,5755,24.504938397387388,30,0.453275,0.029331217085321746,0,0.6
281,5772,15.20614740753722,17,0.45165999999999995,0.0211556082153145,1,0.6
282,5798,23.01188940476481,26,0.4491900000000001,0.027301239028859597,1,0.6
283,5814,14.947650845717753,16,0.44767,0.032848968578036875,1,0.6
284,5828,12.754619452261089,14,0.44634000000000007,0.029017664891268526,1,0.6
285,5849,18.799228362742326,21,0.4443450000000001,0.026939448723126026,1,0.6
286,5872,20.714378994693185,23,0.44216,0.031414153054356575,1,0.6
287,5877,3.9572014196905787,5,0.441685,0.03438555989414453,1,0.6
288,5888,8.282111826574988,11,0.44064000000000003,0.02635213622654026,1,0.6
289,5899,9.398148058498892,11,0.43959500000000007,0.02804164368320595,1,0.6
290,5929,26.10070079230483,30,0.43674500000000005,0.02839841681222121,0,0.6
291,5959,29.353889332388135,30,0.43389500000000003,0.029369855734209218,0,0.6
292,5989,26.3779362598067,30,0.431045,0.02875492381863296,0,0.6
293,6019,27.658830145006462,30,0.428195,0.09446861570080121,0,0.6
294,6040,16.981942184465403,21,0.4262,0.07527835880007062,1,0.8
295,6049,7.9590122436400925,9,0.4253450000000001,0.07251311466097832,1,0.8
296,6067,15.853899674276885,18,0.423635,0.07343736146059301,1,0.8
297,6085,15.805636078747415,18,0.421925,0.05841510949863328,1,0.8
298,6090,3.760353123448624,5,0.42145,0.0748599611222744,1,0.8
299,6106,14.952137342518922,16,0.41993,0.06270992755889893,1,0.8
300,6118,10.953724555357072,12,0.41879,0.06234052202974757,1,0.8
301,6125,6.275353290194078,7,0.41812499999999997,0.06670441052743367,1,0.8
302,6137,9.963044870614642,12,0.41698500000000005,0.0687452827890714,1,0.8
303,6145,6.98764060494117,8,0.41622499999999996,0.05807914992328733,1,0.8
304,6148,1.9602091714909529,3,0.41594,0.07743336632847786,1,0.8
305,6156,6.7579194812585905,8,0.41518,0.07516965502873063,1,0.8
306,6166,6.568056263604105,10,0.41423,0.051046737283468244,1,0.8
307,6171,3.760353123448624,5,0.4137550000000001,0.060102535784244536,1,0.8
308,6185,12.959012213835136,14,0.41242499999999993,0.06266067429844822,1,0.8
309,6191,4.9875940280636595,6,0.4118550000000001,0.05670752159009377,1,0.8
310,6199,6.9571666396087695,8,0.411095,0.06843638606369495,1,0.8
311,6207,6.9571666396087695,8,0.410335,0.05341709731146693,1,0.8
312,6237,27.556058045768637,30,0.407485,0.06238532479231556,1,0.8
313,6251,12.91927307079875,14,0.40615500000000004,0.06035816988774708,1,0.8
314,6261,8.992985777731542,10,0.40520500000000004,0.05678866524249315,1,0.8
315,6282,19.94553685547935,21,0.40321000000000007,0.06279707025913965,1,0.8
316,6290,6.95531669766902,8,0.40245,0.06801158329471946,1,0.8
317,6305,13.756481474156852,15,0.4010250000000001,0.06362086981534958,1,0.8
318,6314,8.118110732403792,9,0.40017,0.0804943558242586,1,0.8
319,6317,1.9602091714909529,3,0.39988500000000005,0.06064924908181032,1,0.8
320,6327,8.955574801114459,10,0.39893500000000004,0.05971061885356903,1,0.8
321,6333,4.367166051770688,6,0.3983650000000001,0.0738565983871619,1,0.8
322,6345,10.752651769135714,12,0.39722500000000005,0.07280639745295048,1,0.8
323,6364,17.551693109586694,19,0.3954200000000001,0.06510723274397223,1,0.8
324,6375,8.523108209882157,11,0.39437500000000003,0.06260442733764648,1,0.8
325,6382,5.9571636464636555,7,0.39371,0.07135757803916931,1,0.8
326,6386,2.2488844296919193,4,0.39333000000000007,0.0734725808724761,1,0.8
327,6394,7.1957948044309745,8,0.3925700000000001,0.07668438879773021,1,0.8
328,6405,8.961810015800221,11,0.3915250000000001,0.06146173179149628,1,0.8
329,6412,5.756476052925084,7,0.39086,0.057752503348248344,1,0.8
330,6418,4.758483817545757,6,0.39029,0.06113027005145947,1,0.8
331,6432,12.95134654078931,14,0.3889600000000001,0.05650946404784918,1,0.8
332,6446,12.354354535235217,14,0.38763000000000003,0.07592631291065897,1,0.8
333,6453,5.758472655685588,7,0.386965,0.05333646120769637,1,0.8
334,6458,3.7593386857253073,5,0.38649,0.057532671838998795,1,0.8
335,6488,25.843365572167976,30,0.38364,0.06418018924693267,0,0.8
336,6491,2.0772972363439632,3,0.383355,0.06975224862496059,1,0.8
337,6507,12.967744072457684,16,0.38183500000000004,0.07346023852005601,1,0.8
338,6511,3.003209984641235,4,0.381455,0.07382870838046074,1,0.8
339,6528,15.561289893647801,17,0.37983999999999996,0.0562748001778827,1,0.8
340,6558,26.963867792865667,30,0.37698999999999994,0.06069327263782422,0,0.8
341,6588,26.560182263318765,30,0.37414000000000003,0.06262618557860454,1,0.8
342,6600,10.557354032447952,12,0.373,0.058452170652647815,1,0.8
343,6606,4.599228065564505,6,0.37243000000000004,0.059948486275970936,1,0.8
344,6610,3.0522756612359205,4,0.37205,0.060529954731464386,1,0.8
345,6626,13.796668963421626,16,0.37053,0.06914297887124121,1,0.8
346,6639,11.953446532526883,13,0.36929500000000004,0.06601532720602475,1,0.8
347,6654,13.201506303077641,15,0.36787000000000003,0.06858479330937067,1,0.8
348,6684,28.152966345290746,30,0.36502,0.05008523209641377,0,0.8
349,6695,9.95529951688364,11,0.36397500000000005,0.06297206048938361,1,0.8
350,6706,9.760318169817465,11,0.3629300000000001,0.07925051857124675,1,0.8
351,6718,10.756719733148657,12,0.36179000000000006,0.07683422074963649,1,0.8
352,6732,12.20505195895135,14,0.36046,0.07531055675021239,1,0.8
353,6738,4.9555822299708,6,0.35989000000000004,0.060564273968338966,1,0.8
354,6748,8.76031817404101,10,0.35894000000000004,0.0656684109941125,1,0.8
355,6778,25.09173916594563,30,0.35609,0.06346534478167692,0,0.8
356,6808,26.290669960977848,30,0.3532400000000001,0.058225513560076554,0,0.8
357,6819,9.959012214701307,11,0.35219500000000004,0.0551881551403891,1,0.8
358,6840,17.499095800284874,21,0.35019999999999996,0.06456418707966805,1,0.8
359,6865,23.915554053942664,25,0.34782500000000005,0.06816891089081764,1,0.8
360,6877,9.9570687013304,12,0.346685,0.06936679190645616,1,0.8
361,6882,3.987589900245461,5,0.34621,0.058411478996276855,1,0.8
362,6893,9.36137340151808,11,0.34516500000000006,0.0583332438360561,1,0.8
363,6904,9.758472421158041,11,0.34412,0.06726708855818618,1,0.8
364,6907,1.7953289908768333,3,0.343835,0.054434808592001595,1,0.8
365,6918,9.656385952402848,11,0.34279000000000004,0.06577473709529097,1,0.8
366,6928,8.764105651792473,10,0.34184000000000003,0.06676210425794124,1,0.8
367,6938,8.95557478406283,10,0.34089,0.0721973542124033,1,0.8
368,6942,3.275379417844259,4,0.34051,0.07338811084628105,1,0.8
369,6952,8.407983502688463,10,0.33956,0.05169701986014843,1,0.8
370,6965,11.719332574606677,13,0.338325,0.055662940901059374,1,0.8
371,6992,24.362661747801482,27,0.33575999999999995,0.0641963626085608,1,0.8
372,6996,2.7591154181621453,4,0.33538,0.0694272480905056,1,0.8
373,7001,3.9572014196905787,5,0.3349050000000001,0.16291255205869676,1,0.8
374,7013,10.567121295200401,12,0.333765,0.2192806818832954,1,0.8
375,7016,1.9602091714909529,3,0.33348,0.17937444150447845,1,0.8
376,7024,6.760149598236084,8,0.33272,0.16955279652029276,1,0.8
377,7043,16.8016822548781,19,0.33091499999999996,0.09385624704392333,1,0.8
378,7073,25.902210885129954,30,0.32806499999999994,0.11065042441089948,0,0.8
379,7077,2.6544373641097776,4,0.327685,0.12040438503026962,1,0.8
380,7100,19.79891274490188,23,0.3255,0.09916121010547099,1,0.8
381,7116,14.359178735881299,16,0.32398000000000005,0.09987387177534401,1,0.8
382,7121,3.9590471683324666,5,0.32350500000000004,0.09174612909555435,1,0.8
383,7138,13.598730489242293,17,0.32189,0.10290677363381666,1,0.8
384,7151,11.758298833181271,13,0.320655,0.09310321395213787,1,0.8
385,7160,7.365163626097704,9,0.3198000000000001,0.10152019270592266,1,0.8
386,7167,5.95716303443921,7,0.31913500000000006,0.09183703948344503,1,0.8
387,7183,12.575768842513252,16,0.317615,0.09620581567287445,1,0.8
388,7196,11.362421474231986,13,0.31638,0.10920845717191696,1,0.8
389,7201,3.9571975996624404,5,0.3159050000000001,0.08365700654685497,1,0.8
390,7204,1.9602091714909529,3,0.31562,0.16485393544038138,1,0.8
391,7230,23.76001539512466,26,0.31315000000000004,0.1044026196289521,1,0.8
392,7253,18.652047317002665,23,0.31096500000000005,0.10638895760411801,1,0.8
393,7258,3.7923212284615007,5,0.31049000000000004,0.07036117985844612,1,0.8
394,7268,8.957162018745377,10,0.30954000000000004,0.09540112726390362,1,0.8
395,7273,3.756289207298002,5,0.30906500000000003,0.10453485697507858,1,0.8
396,7281,7.115995587645891,8,0.30830500000000005,0.12058664578944445,1,0.8
397,7285,2.9592167598122607,4,0.307925,0.09253185614943504,1,0.8
398,7312,23.57690573933763,27,0.3053600000000001,0.10635122353280033,1,0.8
399,7323,9.56726190621336,11,0.3043150000000001,0.10548841072754427,1,0.8
400,7334,9.24990293294568,11,0.30326999999999993,0.11996397545391863,1,0.8
401,7344,8.952126437831437,10,0.30232000000000003,0.10596893355250359,1,0.8
402,7349,3.9590471683324666,5,0.30184500000000003,0.120311638712883,1,0.8
403,7357,6.760153704448714,8,0.30108500000000005,0.12608985090628266,1,0.8
404,7366,7.792277712186989,9,0.30023,0.09706138591799471,1,0.8
405,7373,5.955584371225402,7,0.2995650000000001,0.10459639132022858,1,0.8
406,7382,7.953463614364319,9,0.29871000000000003,0.09530709849463569,1,0.8
407,7388,4.957168006567855,6,0.29814000000000007,0.0910953301936388,1,0.8
408,7395,6.045387101594307,7,0.29747499999999993,0.11016462530408587,1,0.8
409,7418,21.745870520789175,23,0.29529000000000005,0.09473559640995834,1,0.8
410,7423,3.953524034131285,5,0.29481500000000005,0.11491983681917191,1,0.8
411,7434,10.190059949575176,11,0.2937700000000001,0.10029358179731802,1,0.8
412,7458,20.25874934045959,24,0.29149,0.1047125196394821,1,0.8
413,7481,21.349462547279952,23,0.28930500000000003,0.11696779889904935,1,0.8
414,7484,1.6000542239715385,3,0.28902000000000005,0.10877645388245583,1,0.8
415,7492,6.555380654463331,8,0.28826000000000007,0.12111189495772123,1,0.8
416,7496,2.9592167598122607,4,0.28788,0.08945575170218945,1,0.8
417,7506,8.95162649072097,10,0.28693,0.12470622006803751,1,0.8
418,7523,15.550462889247935,17,0.2853150000000001,0.08609522506594658,1,0.8
419,7539,13.557164518938702,16,0.283795,0.10235348995774984,1,0.8
420,7559,17.84356583976803,20,0.281895,0.103738559409976,1,0.8
421,7589,27.800457112557616,30,0.279045,0.10699256670971712,0,0.8
422,7594,4.277200005325695,5,0.2785700000000001,0.09207571297883987,1,0.8
423,7609,14.271388158352837,15,0.277145,0.09702083244919776,1,0.8
424,7625,14.552052123489721,16,0.2756250000000001,0.09635704709216952,1,0.8
425,7651,22.761876699053126,26,0.27315500000000004,0.10672808194962832,1,0.8
426,7656,4.121563407283063,5,0.27268000000000003,0.08673719912767411,1,0.8
427,7666,9.277194032883125,10,0.27173000000000014,0.1037556990981102,1,0.8
428,7670,2.9557893636642034,4,0.27135,0.10375268012285233,1,0.8
429,7689,17.949509386874134,19,0.26954500000000003,0.11373832821846008,1,0.8
430,7696,5.95716295071267,7,0.2688800000000001,0.08530419692397118,1,0.8
431,7710,12.553514817689319,14,0.26755000000000007,0.11342461673276764,1,0.8
432,7723,11.959012213856212,13,0.2663150000000001,0.11124378843949391,1,0.8
433,7729,4.9555893528467045,6,0.265745,0.09499578798810641,1,0.8
434,7739,8.158277640890118,10,0.264795,0.10261701717972756,1,0.8
435,7742,2.0843423143899735,3,0.26451,0.08905471737186114,1,0.8
436,7755,11.957166465196789,13,0.26327500000000004,0.10520776046010163,1,0.8
437,7766,10.044702262742161,11,0.2622300000000001,0.10553403740579431,1,0.8
438,7796,26.885213086300702,30,0.25938000000000005,0.09925111923366785,0,0.8
439,7826,25.69133896622014,30,0.25653000000000004,0.09869658735891183,0,0.8
440,7836,8.557507743687067,10,0.25558000000000003,0.09955491945147514,1,0.8
441,7850,12.942135807037982,14,0.25425,0.09155213766332183,1,0.8
442,7880,27.839592224905292,30,0.25139999999999996,0.10537088550627231,0,0.8
443,7892,11.072515543304652,12,0.25026000000000004,0.09331186798711617,1,0.8
444,7904,10.90736849629628,12,0.24912,0.1080014028896888,1,0.8
445,7914,9.119709402276523,10,0.24817,0.1033890888094902,1,0.8
446,7933,17.975683046535316,19,0.24636500000000006,0.09506746146239732,1,0.8
447,7941,6.957162800132125,8,0.24560499999999996,0.07839896157383919,1,0.8
448,7947,4.951895826883031,6,0.2450350000000001,0.11390316858887672,1,0.8
449,7958,10.048022279662439,11,0.24399000000000004,0.11103461479598825,1,0.8
450,7983,21.485481085520618,25,0.24161500000000002,0.09804800763726235,1,0.8
451,7986,1.9602091714909529,3,0.24133000000000004,0.08228273193041484,1,0.8
452,7990,3.07447102547982,4,0.24095,0.10223523713648319,1,0.8
453,8004,12.390581575117755,14,0.23962000000000006,0.16408284993043967,1,0.8
454,8009,3.9851801756536984,5,0.23914500000000005,0.3082467332482338,1,0.8
455,8015,4.406371801981637,6,0.2385750000000001,0.2111999560147524,1,0.8
456,8023,7.273229417335901,8,0.237815,0.20189266093075275,1,0.8
457,8029,4.9555822299708,6,0.23724500000000004,0.1750104675690333,1,0.8
458,8055,24.039461588249075,26,0.23477500000000007,0.14990166775309122,1,0.8
459,8075,18.555115608493814,20,0.23287500000000005,0.14712192192673684,1,0.8
460,8087,10.595297378190386,12,0.23173500000000002,0.16816529569526514,1,0.8
461,8093,5.115918537800923,6,0.23116500000000006,0.14261270686984062,1,0.8
462,8112,15.956092547804634,19,0.22936,0.1509545661116901,1,0.8
463,8133,18.828685462462527,21,0.22736500000000004,0.12142709571690787,1,0.8
464,8145,10.955047548673368,12,0.226225,0.1258886062229673,1,0.8
465,8175,26.602279525323112,30,0.223375,0.13799715613325436,0,0.8
466,8181,5.193933958531217,6,0.22280500000000003,0.10055730243523915,1,0.8
467,8211,26.44168446927864,30,0.219955,0.163775984197855,0,0.8
468,8241,25.258077992253728,30,0.217105,0.1294152225057284,0,0.8
469,8262,18.958603561605585,21,0.21511000000000002,0.14990857349974768,1,0.8
470,8285,20.990297405027693,23,0.21292500000000003,0.13486968920282696,1,0.8
471,8304,16.16104380597128,19,0.21111999999999997,0.15715034423690094,1,0.8
472,8315,9.98362632799883,11,0.210075,0.12667743793942712,1,0.8
473,8324,7.786512250715532,9,0.20921999999999996,0.1121094533138805,1,0.8
474,8329,3.9590471683324666,5,0.20874500000000007,0.1489031657576561,1,0.8
475,8344,13.4006036516873,15,0.20732000000000006,0.15297896812359493,1,0.8
476,8362,16.392708665307687,18,0.20560999999999996,0.124683927744627,1,0.8
477,8381,16.35094040337597,19,0.20380500000000012,0.14407157035250412,1,0.8
478,8394,11.402155927641656,13,0.20257000000000003,0.15341615504943407,1,0.8
479,8410,13.44884468442361,16,0.20105000000000006,0.1548839018214494,1,0.8
480,8422,10.786864040700864,12,0.19991000000000003,0.14699616159001985,1,0.8
481,8430,7.27323966184352,8,0.19915000000000005,0.12699732091277838,1,0.8
482,8439,7.760177588465046,9,0.198295,0.13444703982936013,1,0.8
483,8456,15.183581820132476,17,0.19667999999999997,0.1325612997307497,1,0.8
484,8463,5.759296250576508,7,0.19601499999999994,0.16008486492293222,1,0.8
485,8471,6.953186501941402,8,0.19525500000000007,0.14652932435274124,1,0.8
486,8495,21.383238340286415,24,0.192975,0.15332293634613356,1,0.8
487,8499,2.9552714163121765,4,0.19259500000000007,0.16432888805866241,1,0.8
488,8513,12.197534621863486,14,0.19126500000000013,0.1386262300823416,1,0.8
489,8526,11.959012213856212,13,0.19003000000000003,0.14584226791675275,1,0.8
490,8534,6.955057994429708,8,0.18926999999999994,0.13674593344330788,1,0.8
491,8564,26.427217606160532,30,0.18642000000000003,0.13477754878501097,0,0.8
492,8594,26.7227452202618,30,0.18357,0.13655968656142553,0,0.8
493,8606,10.955574760509863,12,0.18242999999999998,0.14573498256504536,1,0.8
494,8623,14.9834238152685,17,0.18081500000000006,0.12539375463829322,1,0.8
495,8628,4.275359108414245,5,0.18034000000000006,0.12366097420454025,1,0.8
496,8641,11.756460477389979,13,0.17910500000000007,0.13830284143869692,1,0.8
497,8670,24.960662213996667,29,0.17635,0.14472694926220794,1,0.8
498,8677,5.955329049678141,7,0.17568499999999998,0.1389070185167449,1,0.8
499,8689,10.951895435352336,12,0.17454500000000006,0.1306875366717577,1,0.8
500,8708,17.35291504853691,19,0.17274,0.12087957561016083,1,0.8
501,8722,12.749204146587921,14,0.17141000000000006,0.13004773695554053,1,0.8
502,8735,12.114522800179394,13,0.17017499999999997,0.12545886134298948,1,0.8
503,8740,3.9590471683324666,5,0.16970000000000007,0.1353498086333275,1,0.8
504,8749,7.9590122436400925,9,0.16884500000000002,0.13404310908582476,1,0.8
505,8761,10.559444991455177,12,0.1677050000000001,0.13935148467620215,1,0.8
506,8774,11.953197472658564,13,0.16647000000000012,0.14372273104695174,1,0.8
507,8788,12.957161889174273,14,0.16514000000000006,0.14599850081971713,1,0.8
508,8801,11.560592517005452,13,0.16390500000000008,0.1442012073328862,1,0.8
509,8808,5.959013234599721,7,0.16324000000000005,0.11161152645945549,1,0.8
510,8822,12.644259342280655,14,0.1619100000000001,0.1584447997489146,1,0.8
511,8833,10.054113223966796,11,0.16086500000000004,0.14191801371899518,1,0.8
512,8839,4.9555809677240585,6,0.16029500000000008,0.14206822092334428,1,0.8
513,8845,4.953234077885764,6,0.15972500000000012,0.1347290389239788,1,0.8
514,8853,6.955321879314711,8,0.15896500000000002,0.11792283412069082,1,0.8
515,8856,1.9602091714909529,3,0.15868000000000004,0.14231992016235986,1,0.8
516,8862,5.275349304122115,6,0.15811000000000008,0.13569318875670433,1,0.8
517,8879,14.954412277433411,17,0.15649500000000005,0.13269946855657241,1,0.8
518,8909,27.59910021560899,30,0.15364500000000003,0.14511041020353635,1,0.8
519,8914,4.277200005325695,5,0.15317000000000003,0.1203245609998703,1,0.8
520,8935,19.95002067387402,21,0.15117500000000006,0.13611629747209095,1,0.8
521,8965,29.14483614407522,30,0.14832500000000004,0.13302631552020708,0,0.8
522,8976,9.754068250705393,11,0.14728000000000008,0.13925159519368951,1,0.8
523,8989,11.760148578214334,13,0.14604499999999998,0.12842712665979678,1,0.8
524,8997,6.006425782619336,8,0.145285,0.1620995020493865,1,0.8
525,9010,11.750803274153066,13,0.14405,0.31837473752406925,1,0.8
526,9024,12.955299496373021,14,0.14272000000000007,0.2198551595211029,1,0.8
527,9034,8.955574766461043,10,0.14177000000000006,0.2094414085149765,1,0.8
528,9047,12.044760987622189,13,0.14053500000000008,0.18181138313733614,1,0.8
529,9077,28.95348895416062,30,0.13768500000000006,0.19707035223642985,0,0.8
530,9102,22.997420324714795,25,0.13531000000000004,0.19700927823781966,1,0.8
531,9132,27.319624924132295,30,0.13246000000000002,0.18700047805905343,0,0.8
532,9140,7.195798296520983,8,0.13170000000000004,0.18818864785134792,1,0.8
533,9159,17.946832000952835,19,0.12989499999999998,0.16181406378746033,1,0.8
534,9189,28.75392621567472,30,0.12704499999999996,0.20469115128119786,0,0.8
535,9198,7.955056698263971,9,0.12619000000000014,0.1722036310368114,1,0.8
536,9217,17.7545983410417,19,0.12438500000000008,0.19818735514816485,1,0.8
537,9223,4.955315710453062,6,0.12381500000000001,0.1632764401535193,1,0.8
538,9234,10.189873781129213,11,0.12277000000000005,0.17505217546766455,1,0.8
539,9247,12.194211130020777,13,0.12153500000000006,0.17102030034248644,1,0.8
540,9272,22.57884040678792,25,0.11916000000000004,0.182198825776577,1,0.8
541,9294,20.945286894408078,22,0.11707000000000001,0.18283956294709985,1,0.8
542,9317,20.6535825395206,23,0.11488500000000001,0.17054833406987396,1,0.8
543,9347,26.9243101603471,30,0.1120350000000001,0.19381645371516545,0,0.8
544,9377,26.16375393210949,30,0.10918500000000009,0.18510770375529925,0,0.8
545,9381,2.9592167598122607,4,0.10880500000000004,0.19197867438197136,1,0.8
546,9401,18.391023904686087,20,0.10690500000000003,0.17088355533778668,1,0.8
547,9411,8.953219035199588,10,0.10595500000000002,0.19426458179950715,1,0.8
548,9416,4.115424171732741,5,0.10548000000000002,0.2255069524049759,1,0.8
549,9433,15.742616807379894,17,0.10386499999999999,0.1718485942658256,1,0.8
550,9459,22.278890962554126,26,0.10139500000000012,0.192903659091546,1,0.8
551,9476,15.752760957790533,17,0.09978000000000009,0.15550876978565664,1,0.8
552,9501,22.40229979771465,25,0.09740500000000007,0.18643963485956191,1,0.8
553,9531,25.203411531304265,30,0.09455500000000006,0.18179810618360837,0,0.8
554,9539,6.9794171722523775,8,0.09379500000000007,0.1671510525047779,1,0.8
555,9547,6.760318343384351,8,0.09303500000000009,0.1668327283114195,1,0.8
556,9558,9.781671036464632,11,0.09199000000000002,0.12368681823665445,1,0.8
557,9566,6.853399537526904,8,0.09123000000000003,0.18399847764521837,1,0.8
558,9575,7.788051306545646,9,0.09037499999999998,0.18093286371893352,1,0.8
559,9583,6.751850952836882,8,0.089615,0.18625760544091463,1,0.8
560,9602,15.968140237050871,19,0.08780999999999994,0.16946389133992948,1,0.8
561,9611,8.123406155785478,9,0.08695500000000012,0.15455498960283068,1,0.8
562,9622,9.757441443449837,11,0.08591000000000004,0.18960791623050516,1,0.8
563,9636,12.8448791125598,14,0.08457999999999999,0.16164367379886763,1,0.8
564,9647,9.957161890554847,11,0.08353500000000003,0.22377349639480765,1,0.8
565,9653,4.957168006567855,6,0.08296499999999996,0.16509511570135751,1,0.8
566,9667,13.190246657636456,14,0.08163500000000001,0.18585082622511045,1,0.8
567,9680,11.558017074900741,13,0.08040000000000003,0.1700968908575865,1,0.8
568,9693,11.945560501453238,13,0.07916500000000004,0.16496378011428392,1,0.8
569,9700,6.118686667923072,7,0.07850000000000001,0.16254896351269313,1,0.8
570,9704,2.9557893636642034,4,0.07811999999999997,0.15471459552645683,1,0.8
571,9714,8.953472142770183,10,0.07716999999999996,0.15839055553078651,1,0.8
572,9744,28.556965071438032,30,0.07432000000000005,0.1969638891518116,0,0.8
573,9753,7.779041651247865,9,0.07346500000000011,0.1643730824192365,1,0.8
574,9774,18.592115985498374,21,0.07147000000000003,0.17941772653943017,1,0.8
575,9791,15.849477912515047,17,0.06985500000000011,0.1658005482133697,1,0.8
576,9799,7.273498008272981,8,0.06909500000000002,0.12365780211985111,1,0.8
577,9805,4.959018187143877,6,0.06852500000000006,0.15559754644831023,1,0.8
578,9808,1.9583725634928275,3,0.06824000000000008,0.22276714444160461,1,0.8
579,9828,18.356672584430733,20,0.06634000000000007,0.18192002847790717,1,0.8
580,9854,22.794757680546937,26,0.06386999999999998,0.17019636327257523,1,0.8
581,9861,5.957167485940297,7,0.06320500000000007,0.17578632916722978,1,0.8
582,9891,26.079914045697176,30,0.06035500000000005,0.171014466881752,0,0.8
583,9921,26.833696097832537,30,0.05750500000000003,0.15569765046238898,0,0.8
584,9933,10.750648088046958,12,0.05636500000000011,0.17128986244400343,1,0.8
585,9940,6.273239812611527,7,0.05570000000000008,0.1892070174217224,1,0.8
586,9970,28.50606453811008,30,0.052850000000000064,0.1637697791059812,0,0.8
587,9978,7.054113230944099,8,0.05208999999999997,0.14914247579872608,1,0.8
588,9987,7.9590122436400925,9,0.05123500000000003,0.1665913330184089,1,0.8
589,9999,11.188925279382573,12,0.050095,0.19435077533125877,1,0.8
590,10010,10.045866689479901,11,0.050000000000000044,0.3701134147969159,1,0.8
591,10025,13.957161889067745,15,0.050000000000000044,0.25533090432484945,1,0.8
592,10040,14.072525262989224,15,0.050000000000000044,0.2715905398130417,1,0.8
593,10058,16.400582932449908,18,0.050000000000000044,0.21397522712747255,1,0.8
594,10076,16.397566763647887,18,0.050000000000000044,0.25093548827701145,1,0.8
595,10090,12.950288178281633,14,0.050000000000000044,0.23537018788712366,1,0.8
596,10100,8.792281717160405,10,0.050000000000000044,0.20075109004974365,1,0.8
597,10105,3.9556185106781476,5,0.050000000000000044,0.20753608644008636,1,0.8
598,10135,21.29554389755962,30,0.050000000000000044,0.25534715702136357,0,0.8
599,10146,9.955576257509815,11,0.050000000000000044,0.24403511394153943,1,0.8
600,10152,4.957168599026561,6,0.050000000000000044,0.2850406567255656,1,0.8
601,10165,11.95716188911143,13,0.050000000000000044,0.2109168916940689,1,0.8
602,10179,12.951091995712028,14,0.050000000000000044,0.1966461789395128,1,0.8
603,10187,7.268464529732299,8,0.050000000000000044,0.22184967994689941,1,0.8
604,10197,8.951373290284142,10,0.050000000000000044,0.21817249804735184,1,0.8
605,10211,12.957162013655664,14,0.050000000000000044,0.2407231479883194,1,0.8
606,10236,23.444842447286,25,0.050000000000000044,0.21535867422819138,1,0.8
607,10259,21.94950863063037,23,0.050000000000000044,0.20382653468328973,1,0.8
608,10268,7.985738859736966,9,0.050000000000000044,0.21277819822231928,1,0.8
609,10272,3.119980380992189,4,0.050000000000000044,0.1509418822824955,1,0.8
610,10302,25.89773233151097,30,0.050000000000000044,0.21237273265918097,0,0.8
611,10332,29.581771805170153,30,0.050000000000000044,0.23078257540861766,0,0.8
612,10342,8.760149428892742,10,0.050000000000000044,0.20701990276575089,1,0.8
613,10346,2.957376534134098,4,0.050000000000000044,0.2006755694746971,1,0.8
614,10357,9.922312400321204,11,0.050000000000000044,0.18190390277992596,1,0.8
615,10374,14.986312934450295,17,0.050000000000000044,0.20158231258392334,1,0.8
616,10404,26.611157789445638,30,0.050000000000000044,0.21623796423276265,0,0.8
617,10417,12.270056615088023,13,0.050000000000000044,0.15884031871190438,1,0.8
618,10429,10.955047541446113,12,0.050000000000000044,0.23138816840946674,1,0.8
619,10447,15.861751384432923,18,0.050000000000000044,0.2026066771811909,1,0.8
620,10456,7.758336768548839,9,0.050000000000000044,0.21351154728068245,1,0.8
621,10484,25.49207299931166,28,0.050000000000000044,0.20515626509274756,1,0.8
622,10497,11.953201792680169,13,0.050000000000000044,0.20247618108987808,1,0.8
623,10512,12.555257253384749,15,0.050000000000000044,0.2304907610019048,1,0.8
624,10537,23.937613087629032,25,0.050000000000000044,0.2201001089811325,1,0.8
625,10544,5.959013234599721,7,0.050000000000000044,0.2290553663458143,1,0.8
626,10564,18.946058503602544,20,0.050000000000000044,0.21581975296139716,1,0.8
627,10575,10.183911605601441,11,0.050000000000000044,0.23460044711828232,1,0.8
628,10605,27.29172691825025,30,0.050000000000000044,0.23981085966030757,0,0.8
629,10609,2.9557893636642034,4,0.050000000000000044,0.2259443886578083,1,0.8
630,10614,3.9553723585150364,5,0.050000000000000044,0.2968454122543335,1,0.8
631,10626,10.950061262418757,12,0.050000000000000044,0.21234480229516825,1,0.8
632,10635,7.758576071869261,9,0.050000000000000044,0.20110793660084406,1,0.8
633,10655,18.640248442135523,20,0.050000000000000044,0.19591805040836335,1,0.8
634,10667,10.953194001019302,12,0.050000000000000044,0.21023881807923317,1,0.8
635,10670,1.9602091714909529,3,0.050000000000000044,0.21133204797903696,1,0.8
636,10678,6.95531634221785,8,0.050000000000000044,0.20587675366550684,1,0.8
637,10708,27.471688097400904,30,0.050000000000000044,0.21679131959875425,0,0.8
638,10711,1.9602091714909529,3,0.050000000000000044,0.1434189130862554,1,0.8
639,10722,9.955047562968828,11,0.050000000000000044,0.1730177727612582,1,0.8
640,10744,19.801265902762182,22,0.050000000000000044,0.19631292874162848,1,0.8
641,10753,7.950283274574478,9,0.050000000000000044,0.19138576338688532,1,0.8
642,10757,3.277228986514285,4,0.050000000000000044,0.17977403476834297,1,0.8
643,10768,8.561651813060326,11,0.050000000000000044,0.23649316890673203,1,0.8
644,10797,24.148491801642496,29,0.050000000000000044,0.22378852244081168,1,0.8
645,10819,18.121586586330572,22,0.050000000000000044,0.19834080406210639,1,0.8
646,10830,9.959012214701307,11,0.050000000000000044,0.20491040836681018,1,0.8
647,10845,13.953197237152889,15,0.050000000000000044,0.2228425790866216,1,0.8
648,10875,28.40056497773084,30,0.050000000000000044,0.21179033567508063,0,0.8
649,10894,17.863081744775833,19,0.050000000000000044,0.2324928845229902,1,0.8
650,10904,8.986002311189875,10,0.050000000000000044,0.1841276168823242,1,0.8
651,10934,27.039816927132783,30,0.050000000000000044,0.21164886206388472,0,0.8
652,10954,18.949771822681296,20,0.050000000000000044,0.2063142366707325,1,0.8
653,10959,3.954020685998693,5,0.050000000000000044,0.2475982517004013,1,0.8
654,10983,22.873816840924967,24,0.050000000000000044,0.19195799933125576,1,0.8
655,11013,25.21653757759424,30,0.050000000000000044,0.2798325225710869,0,0.8
656,11024,9.959012214701307,11,0.050000000000000044,0.30590457672422583,1,0.8
657,11054,28.557061869897534,30,0.050000000000000044,0.2668266003330549,0,0.8
658,11065,9.955574976821572,11,0.050000000000000044,0.2673986418680711,1,0.8
659,11095,27.449159966690953,30,0.050000000000000044,0.28720507969458897,0,0.8
660,11107,10.957166465320128,12,0.050000000000000044,0.3028825720151265,1,0.8
661,11125,16.189628872927173,18,0.050000000000000044,0.25701215697659385,1,0.8
662,11155,27.48451556347287,30,0.050000000000000044,0.25240248094002404,0,0.8
663,11174,15.011866153232596,19,0.050000000000000044,0.2525562126385538,1,0.8
664,11193,16.56512102971048,19,0.050000000000000044,0.24515270049634733,1,0.8
665,11196,1.9583725634928275,3,0.050000000000000044,0.27018895745277405,1,0.8
666,11226,26.052947255136118,30,0.050000000000000044,0.26696946869293847,0,0.8
667,11240,12.559051724540701,14,0.050000000000000044,0.2565185438309397,1,0.8
668,11270,26.945062351292247,30,0.050000000000000044,0.27629979103803637,0,0.8
669,11300,24.41769961751659,30,0.050000000000000044,0.2655056223273277,1,0.8
670,11323,17.671168909969328,23,0.050000000000000044,0.2515684628616209,1,0.8
671,11339,13.234603105205563,16,0.050000000000000044,0.2874336652457714,1,0.8
672,11351,10.557359211570102,12,0.050000000000000044,0.23667808001240095,1,0.8
673,11372,19.75421783520963,21,0.050000000000000044,0.24197354167699814,1,0.8
674,11378,4.757460543545279,6,0.050000000000000044,0.20242334405581155,1,0.8
675,11385,5.955301344982779,7,0.050000000000000044,0.31188179765428814,1,0.8
676,11408,20.69267015778044,23,0.050000000000000044,0.2321853851494582,1,0.8
677,11417,7.955056698263971,9,0.050000000000000044,0.2654188589917289,1,0.8
678,11424,5.955057689223602,7,0.050000000000000044,0.31887894017355783,1,0.8
679,11431,5.9571636464636555,7,0.050000000000000044,0.26627656391688753,1,0.8
680,11442,9.555381674364355,11,0.050000000000000044,0.19030152464454825,1,0.8
681,11447,4.197653101720811,5,0.050000000000000044,0.2519208639860153,1,0.8
682,11465,15.352629638339879,18,0.050000000000000044,0.24447496318154865,1,0.8
683,11480,13.94977158395893,15,0.050000000000000044,0.261130823691686,1,0.8
684,11487,5.9571636464636555,7,0.050000000000000044,0.23118367684738977,1,0.8
685,11493,4.953983120337682,6,0.050000000000000044,0.25233115007479984,1,0.8
686,11499,4.957168599026561,6,0.050000000000000044,0.30044125268856686,1,0.8
687,11512,11.244344438298892,13,0.050000000000000044,0.2678405069387876,1,0.8
688,11542,24.40361951354013,30,0.050000000000000044,0.2491915504137675,0,0.8
689,11548,4.957177290232426,6,0.050000000000000044,0.24273625512917837,1,0.8
690,11554,4.959018187143877,6,0.050000000000000044,0.23966418206691742,1,0.8
691,11560,4.959018187143877,6,0.050000000000000044,0.22244296967983246,1,0.8
692,11590,28.077114756968818,30,0.050000000000000044,0.2574999918540319,0,0.8
693,11607,16.04772514539809,17,0.050000000000000044,0.24823424570700703,1,0.8
694,11627,17.800485943350868,20,0.050000000000000044,0.24832489863038062,1,0.8
695,11644,14.24867593668504,17,0.050000000000000044,0.2633449277457069,1,0.8
696,11655,9.955047549395125,11,0.050000000000000044,0.21512121910398657,1,0.8
697,11672,14.80681716104927,17,0.050000000000000044,0.25604279339313507,1,0.8
698,11682,8.557209344455792,10,0.050000000000000044,0.19303547590970993,1,0.8
699,11702,16.964086673463267,20,0.050000000000000044,0.2119208861142397,1,0.8
700,11722,17.39255096162969,20,0.050000000000000044,0.2458151314407587,1,0.8
701,11728,4.983677898323176,6,0.050000000000000044,0.2360620213051637,1,0.8
702,11758,28.120946621368546,30,0.050000000000000044,0.23250664720932643,0,0.8
703,11765,5.9532134936433865,7,0.050000000000000044,0.24026164199624742,1,0.8
704,11795,26.13565573365362,30,0.050000000000000044,0.24490206241607665,0,0.8
705,11800,3.9556185106781476,5,0.050000000000000044,0.27346570789813995,1,0.8
706,11815,13.585603619943974,15,0.050000000000000044,0.2607309987147649,1,0.8
707,11821,4.957172438484455,6,0.050000000000000044,0.21528236816326776,1,0.8
708,11844,21.715569448626244,23,0.050000000000000044,0.26396458304446674,1,0.8
709,11858,12.959012213835136,14,0.050000000000000044,0.26482216109122547,1,0.8
710,11870,10.760388564828933,12,0.050000000000000044,0.21459893013040224,1,0.8
711,11878,6.196744566014697,8,0.050000000000000044,0.20858737267553806,1,0.8
712,11895,16.174937843688195,17,0.050000000000000044,0.24699826450908885,1,0.8
713,11917,20.583934683804078,22,0.050000000000000044,0.2680901153521104,1,0.8
714,11936,17.955047548524607,19,0.050000000000000044,0.22398958982605682,1,0.8
715,11950,13.105427346016139,14,0.050000000000000044,0.2592318866934095,1,0.8
716,11956,4.953752974851815,6,0.050000000000000044,0.2697763964533806,1,0.8
717,11980,18.965921227786506,24,0.050000000000000044,0.2570572883511583,1,0.8
718,11995,13.36637834163126,15,0.050000000000000044,0.21719932754834492,1,0.8
719,12002,5.788590815927108,7,0.050000000000000044,0.29489041013377054,1,0.8
720,12012,8.952921315320218,10,0.050000000000000044,0.46353769302368164,1,1.0
721,12018,4.389915243640149,6,0.050000000000000044,0.40892936289310455,1,1.0
722,12023,3.9590471683324666,5,0.050000000000000044,0.38961170315742494,1,1.0
723,12028,3.9590471683324666,5,0.050000000000000044,0.41952611804008483,1,1.0
724,12043,13.318397197129926,15,0.050000000000000044,0.34248308539390565,1,1.0
725,12057,12.561459485131813,14,0.050000000000000044,0.3537264604653631,1,1.0
726,12069,9.606274329967908,12,0.050000000000000044,0.3190889035662015,1,1.0
727,12076,5.95717232116616,7,0.050000000000000044,0.20821212657860347,1,1.0
728,12080,2.9573710298187494,4,0.050000000000000044,0.339905820786953,1,1.0
729,12096,13.444188867076027,16,0.050000000000000044,0.34142480976879597,1,1.0
730,12102,4.75426666769528,6,0.050000000000000044,0.30324587225914,1,1.0
731,12108,4.959018187143877,6,0.050000000000000044,0.3199714124202728,1,1.0
732,12118,8.71717290140878,10,0.050000000000000044,0.3301134318113327,1,1.0
733,12130,9.648413384037164,12,0.050000000000000044,0.31746287147204083,1,1.0
734,12143,10.560893764252326,13,0.050000000000000044,0.3033078221174387,1,1.0
735,12159,13.599281678813595,16,0.050000000000000044,0.308398955501616,1,1.0
736,12171,10.786750216742577,12,0.050000000000000044,0.3297768272459507,1,1.0
737,12180,7.558595098069038,9,0.050000000000000044,0.2664701309469011,1,1.0
738,12210,23.975330897612345,30,0.050000000000000044,0.3046222388744354,0,1.0
739,12217,5.160682377830897,7,0.050000000000000044,0.3494864340339388,1,1.0
740,12228,9.359537164861685,11,0.050000000000000044,0.2550129104744304,1,1.0
741,12238,7.20312837006996,10,0.050000000000000044,0.3641938537359238,1,1.0
742,12265,21.81598011391246,27,0.050000000000000044,0.35300237161141856,1,1.0
743,12275,8.992590410125898,10,0.050000000000000044,0.30977917909622193,1,1.0
744,12305,23.788432114669195,30,0.050000000000000044,0.28328064680099485,0,1.0
745,12316,8.567994125465704,11,0.050000000000000044,0.3276893198490143,1,1.0
746,12321,3.954020685998693,5,0.050000000000000044,0.2374558448791504,1,1.0
747,12330,7.325080756981261,9,0.050000000000000044,0.2895624091227849,1,1.0
748,12338,6.95532572298056,8,0.050000000000000044,0.3042531218379736,1,1.0
749,12350,8.965004667456329,12,0.050000000000000044,0.2997460973759492,1,1.0
750,12361,9.92454294238061,11,0.050000000000000044,0.28403986313126306,1,1.0
751,12374,11.847140371371523,13,0.050000000000000044,0.2886913636556038,1,1.0
752,12404,24.377528815116374,30,0.050000000000000044,0.3047023117542267,0,1.0
753,12434,25.96429751430782,30,0.050000000000000044,0.28433341582616173,0,1.0
754,12448,12.94212966532379,14,0.050000000000000044,0.28192118874617983,1,1.0
755,12459,9.754525475764321,11,0.050000000000000044,0.28289676118980756,1,1.0
756,12466,5.362625850721352,7,0.050000000000000044,0.334230261189597,1,1.0
757,12480,12.550694582465397,14,0.050000000000000044,0.31569224276712965,1,1.0
758,12502,19.355271013653404,22,0.050000000000000044,0.31498284908858215,1,1.0
759,12511,7.358345929578656,9,0.050000000000000044,0.3001361240943273,1,1.0
760,12515,2.987658161331246,4,0.050000000000000044,0.3287588357925415,1,1.0
761,12520,3.555800892602484,5,0.050000000000000044,0.3173343509435654,1,1.0
762,12524,2.403409090909091,4,0.050000000000000044,0.3183811530470848,1,1.0
763,12554,26.721318378258147,30,0.050000000000000044,0.2732649986942609,0,1.0
764,12565,9.983914364507129,11,0.050000000000000044,0.3064196434887973,1,1.0
765,12576,9.352033099322822,11,0.050000000000000044,0.2717894044789401,1,1.0
766,12606,22.706037296705357,30,0.050000000000000044,0.2902764454483986,0,1.0
767,12620,11.484009752917594,14,0.050000000000000044,0.30884061966623577,1,1.0
768,12634,11.96061354582946,14,0.050000000000000044,0.3504556694201061,1,1.0
769,12647,10.922642241294428,13,0.050000000000000044,0.3019473919501671,1,1.0
770,12656,6.7993749997730415,9,0.050000000000000044,0.3630692693922255,1,1.0
771,12665,7.557209435813284,9,0.050000000000000044,0.3515779541598426,1,1.0
772,12679,12.876035459148895,14,0.050000000000000044,0.30415730497666765,1,1.0
773,12684,3.4075139079838523,5,0.050000000000000044,0.3384205222129822,1,1.0
774,12699,13.359157542635767,15,0.050000000000000044,0.32802179356416067,1,1.0
775,12729,22.463789532718586,30,0.050000000000000044,0.31306084742148715,0,1.0
776,12742,10.880286251899728,13,0.050000000000000044,0.35180778113695294,1,1.0
777,12750,6.957171472012259,8,0.050000000000000044,0.33264185115695,1,1.0
778,12768,15.313263479953036,18,0.050000000000000044,0.278301945163144,1,1.0
779,12770,0.9893852557928039,2,0.050000000000000044,0.2811470329761505,1,1.0
780,12791,19.359016598863192,21,0.050000000000000044,0.35695889379296986,1,1.0
781,12798,5.959013234599721,7,0.050000000000000044,0.35716602206230164,1,1.0
782,12802,2.9573710298187494,4,0.050000000000000044,0.3417225331068039,1,1.0
783,12825,20.452603884761313,23,0.050000000000000044,0.26598311636758887,1,1.0
784,12853,26.550446757622666,28,0.050000000000000044,0.2966578757124288,1,1.0
785,12862,6.597339801247348,9,0.050000000000000044,0.2943068775865767,1,1.0
786,12881,16.598424196266475,19,0.050000000000000044,0.3143635062794936,1,1.0
787,12893,10.357963698511384,12,0.050000000000000044,0.296641922245423,1,1.0
788,12899,4.7174084291695655,6,0.050000000000000044,0.2926872745156288,1,1.0
789,12906,5.784697458077186,7,0.050000000000000044,0.28704837603228434,1,1.0
790,12936,22.840874137277947,30,0.050000000000000044,0.28914037098487216,0,1.0
791,12942,5.195336268924597,6,0.050000000000000044,0.3129987493157387,1,1.0
792,12947,3.557624920501958,5,0.050000000000000044,0.2650156319141388,1,1.0
793,12960,11.753204288014796,13,0.050000000000000044,0.2860123641215838,1,1.0
794,12990,25.44509841119989,30,0.050000000000000044,0.3101884643236796,0,1.0
795,13004,12.746287150104578,14,0.050000000000000044,0.38256524928978514,1,1.0
796,13013,7.157248529236255,9,0.050000000000000044,0.5104175375567542,1,1.0
797,13034,15.493405685585897,21,0.050000000000000044,0.4022252034573328,1,1.0
798,13040,4.957172438484455,6,0.050000000000000044,0.3870288282632828,1,1.0
799,13052,8.821843045102279,12,0.050000000000000044,0.4442586774627368,1,1.0
800,13071,14.536345682444372,19,0.050000000000000044,0.4242993930452748,1,1.0
801,13087,13.553750176610784,16,0.050000000000000044,0.3925040140748024,1,1.0
802,13093,4.885444744293591,6,0.050000000000000044,0.3769361774126689,1,1.0
803,13113,17.268396285035266,20,0.050000000000000044,0.39495835453271866,1,1.0
804,13131,16.199508369983032,18,0.050000000000000044,0.3450502049591806,1,1.0
805,13161,27.473948829908338,30,0.050000000000000044,0.37100883076588315,0,1.0
806,13166,3.204545454545454,5,0.050000000000000044,0.3649583637714386,1,1.0
807,13185,16.919977489274675,19,0.050000000000000044,0.36141667946388845,1,1.0
808,13212,21.211868453604097,27,0.050000000000000044,0.37928540066436484,1,1.0
809,13218,4.957172438484455,6,0.050000000000000044,0.3828228438893954,1,1.0
810,13223,3.9590471683324666,5,0.050000000000000044,0.34651792943477633,1,1.0
811,13227,2.9592167598122607,4,0.050000000000000044,0.3813152462244034,1,1.0
812,13241,10.993185828159886,14,0.050000000000000044,0.33839133168969837,1,1.0
813,13255,10.308398725967544,14,0.050000000000000044,0.3340103253722191,1,1.0
814,13266,9.758302851989795,11,0.050000000000000044,0.392122127793052,1,1.0
815,13275,7.955316177977673,9,0.050000000000000044,0.37428709533479476,1,1.0
816,13283,6.5527350433707285,8,0.050000000000000044,0.36920972168445587,1,1.0
817,13290,5.681559490719408,7,0.050000000000000044,0.3961747884750366,1,1.0
818,13293,1.9583725634928275,3,0.050000000000000044,0.3339769144852956,1,1.0
819,13304,9.752357496719958,11,0.050000000000000044,0.37934669716791675,1,1.0
820,13309,3.2023098115942545,5,0.050000000000000044,0.40873333215713503,1,1.0
821,13316,6.117115952440992,7,0.050000000000000044,0.4225522705486843,1,1.0
822,13324,6.5572281810925555,8,0.050000000000000044,0.34139558859169483,1,1.0
823,13338,12.786868305118508,14,0.050000000000000044,0.37359430321625303,1,1.0
824,13344,4.403210518240707,6,0.050000000000000044,0.3257421801487605,1,1.0
825,13354,8.240737101069916,10,0.050000000000000044,0.3895113065838814,1,1.0
826,13384,26.51811960291134,30,0.050000000000000044,0.3645305390159289,0,1.0
827,13398,12.948184623096576,14,0.050000000000000044,0.3896273076534271,1,1.0
828,13407,7.957162655504025,9,0.050000000000000044,0.3404991394943661,1,1.0
829,13416,7.753950854613949,9,0.050000000000000044,0.36316367983818054,1,1.0
830,13428,9.200170960853931,12,0.050000000000000044,0.32976099972923595,1,1.0
831,13441,11.5918370855466,13,0.050000000000000044,0.39890411266913783,1,1.0
832,13465,19.128942059024677,24,0.050000000000000044,0.35760003825028736,1,1.0
833,13479,11.619527115357721,14,0.050000000000000044,0.4261826425790787,1,1.0
834,13484,3.9590471683324666,5,0.050000000000000044,0.3102899730205536,1,1.0
835,13493,7.7542394510818,9,0.050000000000000044,0.3663824101289113,1,1.0
836,13502,7.90938631002388,9,0.050000000000000044,0.37817161944177413,1,1.0
837,13508,5.277195052781539,6,0.050000000000000044,0.33551329871018726,1,1.0
838,13511,1.9602091714909529,3,0.050000000000000044,0.455317219098409,1,1.0
839,13541,22.154053466756807,30,0.050000000000000044,0.3213549608985583,0,1.0
840,13555,12.792277681750877,14,0.050000000000000044,0.4143654427358082,1,1.0
841,13573,15.197603027339927,18,0.050000000000000044,0.3193650676144494,1,1.0
842,13590,15.55110659993332,17,0.050000000000000044,0.33143645700286417,1,1.0
843,13620,24.521590833024668,30,0.050000000000000044,0.3526776358485222,0,1.0
844,13643,20.38391630625348,23,0.050000000000000044,0.3619585484266281,1,1.0
845,13670,20.184717953560856,27,0.050000000000000044,0.3506934576564365,1,1.0
846,13675,3.9590471683324666,5,0.050000000000000044,0.3448191165924072,1,1.0
847,13681,4.957172438484455,6,0.050000000000000044,0.33672909686962765,1,1.0
848,13686,3.199682108644822,5,0.050000000000000044,0.38147230744361876,1,1.0
849,13695,7.949254748730609,9,0.050000000000000044,0.3712649726205402,1,1.0
850,13704,7.952922979590016,9,0.050000000000000044,0.328623750143581,1,1.0
851,13727,18.665177458285154,23,0.050000000000000044,0.36728130280971527,1,1.0
852,13737,8.05931565124314,10,0.050000000000000044,0.38552490472793577,1,1.0
853,13748,9.755150819650403,11,0.050000000000000044,0.32459764047102496,1,1.0
854,13755,5.564024782765432,7,0.050000000000000044,0.389853515795299,1,1.0
855,13763,6.591189089001457,8,0.050000000000000044,0.37669092789292336,1,1.0
856,13793,24.021948098098232,30,0.050000000000000044,0.3424869358539581,0,1.0
857,13797,2.9592167598122607,4,0.050000000000000044,0.4195904769003391,1,1.0
858,13816,17.388994710313316,19,0.050000000000000044,0.34522386444242376,1,1.0
859,13843,22.355971339530424,27,0.050000000000000044,0.3684131580370444,1,1.0
860,13847,3.1953619739646433,4,0.050000000000000044,0.2327856495976448,1,1.0
861,13856,7.955056698263971,9,0.050000000000000044,0.39517705308066475,1,1.0
862,13868,10.394344235862215,12,0.050000000000000044,0.38568659995992977,1,1.0
863,13883,13.365538163175378,15,0.050000000000000044,0.3925361901521683,1,1.0
864,13895,10.758299007562117,12,0.050000000000000044,0.38178321594993275,1,1.0
865,13901,4.959018187143877,6,0.050000000000000044,0.37945376336574554,1,1.0
866,13906,3.2509302735402907,5,0.050000000000000044,0.3147933781147003,1,1.0
867,13918,9.969467225984276,12,0.050000000000000044,0.35671286036570865,1,1.0
868,13922,3.123423724599727,4,0.050000000000000044,0.4008217751979828,1,1.0
869,13925,1.9602091714909529,3,0.050000000000000044,0.361175000667572,1,1.0
870,13942,13.49652845702461,17,0.050000000000000044,0.3704195145298453,1,1.0
871,13948,4.981745854318713,6,0.050000000000000044,0.38646217187245685,1,1.0
872,13975,24.036060929034708,27,0.050000000000000044,0.36832065052456325,1,1.0
873,13987,10.56212520006971,12,0.050000000000000044,0.3708956763148308,1,1.0
874,13992,3.9590471683324666,5,0.050000000000000044,0.32795411348342896,1,1.0
875,13999,5.553033944611698,7,0.050000000000000044,0.3313248412949698,1,1.0
876,14029,24.7383234199453,30,0.050000000000000044,0.4844603026906649,0,1.0
877,14047,15.754599081884008,18,0.050000000000000044,0.4909997797674603,1,1.0
878,14065,15.758077142606211,18,0.050000000000000044,0.42601695905129117,1,1.0
879,14074,7.756606391946673,9,0.050000000000000044,0.4500615629884932,1,1.0
880,14080,4.994701663277258,6,0.050000000000000044,0.46723705530166626,1,1.0
881,14087,5.959013234599721,7,0.050000000000000044,0.3968063827071871,1,1.0
882,14092,3.9590471683324666,5,0.050000000000000044,0.40062775611877444,1,1.0
883,14098,4.983616191935585,6,0.050000000000000044,0.43438100814819336,1,1.0
884,14106,6.98070880195668,8,0.050000000000000044,0.4761015325784683,1,1.0
885,14125,15.050349858217787,19,0.050000000000000044,0.46030140707367345,1,1.0
886,14141,14.034094636984054,16,0.050000000000000044,0.40051397681236267,1,1.0
887,14146,3.9590471683324666,5,0.050000000000000044,0.37018885612487795,1,1.0
888,14158,10.756060776267097,12,0.050000000000000044,0.48788655797640484,1,1.0
889,14164,4.756095729915731,6,0.050000000000000044,0.4866826335589091,1,1.0
890,14194,27.75446000118599,30,0.050000000000000044,0.430610728263855,0,1.0
891,14224,25.170414025983213,30,0.050000000000000044,0.4700086404879888,0,1.0
892,14236,10.548786384267274,12,0.050000000000000044,0.41843244433403015,1,1.0
893,14245,7.951627833646865,9,0.050000000000000044,0.41651609871122575,1,1.0
894,14255,7.884063834019076,10,0.050000000000000044,0.4495352804660797,1,1.0
895,14272,14.154736078366659,17,0.050000000000000044,0.4197882010656245,1,1.0
896,14278,4.9555893528467045,6,0.050000000000000044,0.407872478167216,1,1.0
897,14292,12.012551902994558,14,0.050000000000000044,0.4403113052248955,1,1.0
898,14302,8.399235380720382,10,0.050000000000000044,0.4134607225656509,1,1.0
899,14310,5.791340091274632,8,0.050000000000000044,0.4566316418349743,1,1.0
900,14327,14.118820510357732,17,0.050000000000000044,0.4518665285671459,1,1.0
901,14343,13.630334481171152,16,0.050000000000000044,0.4110176544636488,1,1.0
902,14346,1.9602091714909529,3,0.050000000000000044,0.4607688784599304,1,1.0
903,14376,25.022154075240138,30,0.050000000000000044,0.4139936665693919,0,1.0
904,14398,19.127105901182386,22,0.050000000000000044,0.4739986847747456,1,1.0
905,14424,21.239230159700625,26,0.050000000000000044,0.3904033899307251,1,1.0
906,14443,14.289422101712454,19,0.050000000000000044,0.44114421857030767,1,1.0
907,14473,27.985426203543277,30,0.050000000000000044,0.41180266489585243,0,1.0
908,14487,11.159995150142015,14,0.050000000000000044,0.4664100195680346,1,1.0
909,14497,7.369312382942498,10,0.050000000000000044,0.38551320135593414,1,1.0
910,14513,13.757503834366654,16,0.050000000000000044,0.43410948757082224,1,1.0
911,14529,14.396286793458279,16,0.050000000000000044,0.43662252463400364,1,1.0
912,14551,18.80470853796924,22,0.050000000000000044,0.45745994557033887,1,1.0
913,14559,6.959012388268193,8,0.050000000000000044,0.4885883033275604,1,1.0
914,14578,15.177061273148347,19,0.050000000000000044,0.43440501784023483,1,1.0
915,14591,11.116966085790907,13,0.050000000000000044,0.43271082868942845,1,1.0
916,14595,3.1976750523948407,4,0.050000000000000044,0.4133511558175087,1,1.0
917,14599,2.9875924206988147,4,0.050000000000000044,0.39002250880002975,1,1.0
918,14607,6.187656627626505,8,0.050000000000000044,0.4450519159436226,1,1.0
919,14612,3.9550942616836293,5,0.050000000000000044,0.5106098890304566,1,1.0
920,14630,15.948711037093691,18,0.050000000000000044,0.36524905098809135,1,1.0
921,14640,8.764101554316925,10,0.050000000000000044,0.43448596596717837,1,1.0
922,14670,25.525644869263765,30,0.050000000000000044,0.38758054971694944,1,1.0
923,14678,6.274862435006808,8,0.050000000000000044,0.35940041206777096,1,1.0
924,14689,8.559652689735497,11,0.050000000000000044,0.40079603953795,1,1.0
925,14694,3.9875938022083695,5,0.050000000000000044,0.484223335981369,1,1.0
926,14724,23.795419590957234,30,0.050000000000000044,0.4598653107881546,0,1.0
927,14754,23.779283288666683,30,0.050000000000000044,0.4450607508420944,0,1.0
928,14761,5.756083536302313,7,0.050000000000000044,0.4369550773075649,1,1.0
929,14773,10.197747275036743,12,0.050000000000000044,0.3960389743248622,1,1.0
930,14782,7.567193534105679,9,0.050000000000000044,0.4035823875003391,1,1.0
931,14812,25.81458519500766,30,0.050000000000000044,0.44133652945359547,0,1.0
932,14824,10.756890480460454,12,0.050000000000000044,0.41472815225521725,1,1.0
933,14835,9.955047543225469,11,0.050000000000000044,0.4391035044735128,1,1.0
934,14847,9.232048914060721,12,0.050000000000000044,0.38899368171890575,1,1.0
935,14877,24.019146290246937,30,0.050000000000000044,0.391571373740832,0,1.0
936,14886,7.185566579462939,9,0.050000000000000044,0.41351663404040867,1,1.0
937,14891,3.5992609509428304,5,0.050000000000000044,0.4204707443714142,1,1.0
938,14903,10.001921598182717,12,0.050000000000000044,0.39018212755521137,1,1.0
939,14908,3.9572063683176055,5,0.050000000000000044,0.3738392651081085,1,1.0
940,14915,4.806818181818181,7,0.050000000000000044,0.48031507645334515,1,1.0
941,14925,8.522935935408212,10,0.050000000000000044,0.47120301425457,1,1.0
942,14932,5.79069201805937,7,0.050000000000000044,0.4577573708125523,1,1.0
943,14962,22.99999997019506,30,0.050000000000000044,0.3977146804332733,0,1.0
944,14977,12.20236977975092,15,0.050000000000000044,0.4573475261529287,1,1.0
945,14986,7.4578024814149195,9,0.050000000000000044,0.39190399646759033,1,1.0
946,14996,7.372871810388538,10,0.050000000000000044,0.44189645648002623,1,1.0
947,15007,9.754889211309704,11,0.050000000000000044,0.5627352351492102,1,1.0
948,15012,3.9590471683324666,5,0.050000000000000044,0.6345292687416076,1,1.0
949,15019,5.957167485940297,7,0.050000000000000044,0.5379763288157327,1,1.0
950,15027,6.850442024630771,8,0.050000000000000044,0.5400488711893559,1,1.0
951,15044,15.760148722095275,17,0.050000000000000044,0.4755694988895865,1,1.0
952,15058,10.572559463794969,14,0.050000000000000044,0.4571477919816971,1,1.0
953,15073,12.055543406440185,15,0.050000000000000044,0.4657909691333771,1,1.0
954,15080,5.95717232116616,7,0.050000000000000044,0.518601085458483,1,1.0
955,15086,4.758342731953968,6,0.050000000000000044,0.5237787216901779,1,1.0
956,15112,21.909445662751782,26,0.050000000000000044,0.48895142800532854,1,1.0
957,15128,13.362060585460343,16,0.050000000000000044,0.46547411382198334,1,1.0
958,15133,3.952976696798363,5,0.050000000000000044,0.5207330286502838,1,1.0
959,15151,15.696207509982342,18,0.050000000000000044,0.48298367526796127,1,1.0
960,15171,18.159442662024084,20,0.050000000000000044,0.5500739172101021,1,1.0
961,15179,5.989532800863482,8,0.050000000000000044,0.512685488909483,1,1.0
962,15192,11.790690961498358,13,0.050000000000000044,0.4126132520345541,1,1.0
963,15222,26.337157985186128,30,0.050000000000000044,0.4398659904797872,0,1.0
964,15252,25.05947177655659,30,0.050000000000000044,0.47388621866703035,0,1.0
965,15282,24.982980928997765,30,0.050000000000000044,0.456109589835008,0,1.0
966,15289,5.761142009914777,7,0.050000000000000044,0.5435683471815926,1,1.0
967,15297,6.9571666396087695,8,0.050000000000000044,0.49896517023444176,1,1.0
968,15312,13.15937453059806,15,0.050000000000000044,0.49938294490178425,1,1.0
969,15331,16.358778487018746,19,0.050000000000000044,0.48524011906824616,1,1.0
970,15346,11.682266848440197,15,0.050000000000000044,0.4839133242766062,1,1.0
971,15359,11.355123541707027,13,0.050000000000000044,0.43406040278764874,1,1.0
972,15361,0.925822775924396,2,0.050000000000000044,0.47514578700065613,1,1.0
973,15370,6.399338637641965,9,0.050000000000000044,0.5218448241551717,1,1.0
974,15375,3.9590471683324666,5,0.050000000000000044,0.43515664935112,1,1.0
975,15379,3.1976750523948407,4,0.050000000000000044,0.5696294382214546,1,1.0
976,15388,7.036985229055672,9,0.050000000000000044,0.533320825960901,1,1.0
977,15396,6.983931073925279,8,0.050000000000000044,0.5441688522696495,1,1.0
978,15404,6.448926831140106,8,0.050000000000000044,0.5010265484452248,1,1.0
979,15413,6.879731030037213,9,0.050000000000000044,0.47767186164855957,1,1.0
980,15425,9.954976957646275,12,0.050000000000000044,0.47436437010765076,1,1.0
981,15445,18.16152062842206,20,0.050000000000000044,0.4388510063290596,1,1.0
982,15460,13.75827860709561,15,0.050000000000000044,0.520104459921519,1,1.0
983,15482,19.844770706331953,22,0.050000000000000044,0.3951601507988843,1,1.0
984,15512,24.62728670988856,30,0.050000000000000044,0.5091812958319982,0,1.0
985,15542,23.945614313432102,30,0.050000000000000044,0.4809103821714719,0,1.0
986,15552,8.764105623040217,10,0.050000000000000044,0.46565945744514464,1,1.0
987,15570,14.56371316932846,18,0.050000000000000044,0.44271105693446267,1,1.0
988,15575,3.5584032579861944,5,0.050000000000000044,0.4599460422992706,1,1.0
989,15596,18.473214552089726,21,0.050000000000000044,0.5060673242523557,1,1.0
990,15609,11.998913391576659,13,0.050000000000000044,0.44354739212072813,1,1.0
991,15616,5.959013234599721,7,0.050000000000000044,0.5331507410321917,1,1.0
992,15622,5.197649350608877,6,0.050000000000000044,0.5347751528024673,1,1.0
993,15638,14.756194326991379,16,0.050000000000000044,0.4582120608538389,1,1.0
994,15654,14.790694569398209,16,0.050000000000000044,0.4807212520390749,1,1.0
995,15681,23.159825127919063,27,0.050000000000000044,0.4996714018009327,1,1.0
996,15692,10.043491785905042,11,0.050000000000000044,0.488452364097942,1,1.0
997,15722,24.72913329917542,30,0.050000000000000044,0.5165048758188884,0,1.0
998,15752,24.46590132722296,30,0.050000000000000044,0.46746700604756675,0,1.0
999,15758,4.65415856122663,6,0.050000000000000044,0.4848288396994273,1,1.0
1000,15768,7.9606525435463835,10,0.050000000000000044,0.44783064126968386,1,1.0
1001,15775,5.95532657664769,7,0.050000000000000044,0.4372728977884565,1,1.0
1002,15782,5.953221669836626,7,0.050000000000000044,0.5118367884840284,1,1.0
1003,15797,13.003656197824064,15,0.050000000000000044,0.5654980460802714,1,1.0
1004,15827,26.544467483392577,30,0.050000000000000044,0.42894794841607414,0,1.0
1005,15839,10.953478262205493,12,0.050000000000000044,0.5498693784077963,1,1.0
1006,15847,7.047725167975983,8,0.050000000000000044,0.4234209954738617,1,1.0
1007,15853,4.957177290232426,6,0.050000000000000044,0.3985408768057823,1,1.0
1008,15864,9.160257171000168,11,0.050000000000000044,0.484929848801006,1,1.0
1009,15885,19.590463818218687,21,0.050000000000000044,0.4577288499900273,1,1.0
1010,15894,8.045875561120317,9,0.050000000000000044,0.45837972892655265,1,1.0
1011,15898,2.9592167598122607,4,0.050000000000000044,0.5252628028392792,1,1.0
1012,15927,24.242892427168456,29,0.050000000000000044,0.4370263845756136,1,1.0
1013,15931,2.9592167598122607,4,0.050000000000000044,0.42980553209781647,1,1.0
1014,15944,11.76114098917127,13,0.050000000000000044,0.49077198138603795,1,1.0
1015,15949,3.3619134677517817,5,0.050000000000000044,0.415958034992218,1,1.0
1016,15956,5.95716295071267,7,0.050000000000000044,0.49618659700666157,1,1.0
1017,15964,7.104649470166671,8,0.050000000000000044,0.48555306531488895,1,1.0
1018,15977,11.396438694247568,13,0.050000000000000044,0.4759681729169992,1,1.0
1019,15992,11.248678508531055,15,0.050000000000000044,0.5148266990979512,1,1.0
1020,15998,4.0056818181818175,6,0.050000000000000044,0.5042629937330881,1,1.0
1021,16028,24.024143324139715,30,0.050000000000000044,0.5564884165922801,0,1.0
1022,16040,9.759338003521966,12,0.050000000000000044,0.6022140656908354,1,1.0
1023,16048,6.557238354686286,8,0.050000000000000044,0.5408501550555229,1,1.0
1024,16058,7.054694241641835,10,0.050000000000000044,0.5626654475927353,1,1.0
1025,16074,11.699789945904522,16,0.050000000000000044,0.5392583999782801,1,1.0
1026,16078,2.4011735340394504,4,0.050000000000000044,0.6790969967842102,1,1.0
1027,16087,7.385733690625269,9,0.050000000000000044,0.5243824885951148,1,1.0
1028,16097,8.765955955320745,10,0.050000000000000044,0.500890564918518,1,1.0
1029,16117,15.302636659864904,20,0.050000000000000044,0.5423601925373077,1,1.0
1030,16122,3.788344476395097,5,0.050000000000000044,0.5377333164215088,1,1.0
1031,16129,5.322008063970039,7,0.050000000000000044,0.5235238586153302,1,1.0
1032,16142,11.553755726415257,13,0.050000000000000044,0.5107370018959045,1,1.0
1033,16151,7.353074191507049,9,0.050000000000000044,0.51354538069831,1,1.0
1034,16161,8.795841595321757,10,0.050000000000000044,0.5788757354021072,1,1.0
1035,16185,19.73183060661116,24,0.050000000000000044,0.5149235700567564,1,1.0
1036,16195,7.809433233922756,10,0.050000000000000044,0.4874759912490845,1,1.0
1037,16207,10.122763909858183,12,0.050000000000000044,0.5609190687537193,1,1.0
1038,16218,9.953465500464418,11,0.050000000000000044,0.6129699945449829,1,1.0
1039,16225,5.989439815306069,7,0.050000000000000044,0.6052751668861934,1,1.0
1040,16255,23.502749293549837,30,0.050000000000000044,0.4641970117886861,0,1.0
1041,16270,13.555472406768146,15,0.050000000000000044,0.5361519813537597,1,1.0
1042,16276,5.2711146847154975,6,0.050000000000000044,0.4750539759794871,1,1.0
1043,16284,6.758472584046082,8,0.050000000000000044,0.5123037099838257,1,1.0
1044,16303,16.80391070276534,19,0.050000000000000044,0.5028233190900401,1,1.0
1045,16312,7.951356385746376,9,0.050000000000000044,0.5111332270834181,1,1.0
1046,16320,6.475951235803783,8,0.050000000000000044,0.5184953026473522,1,1.0
1047,16350,28.34545017589829,30,0.050000000000000044,0.5273630092541377,0,1.0
1048,16377,20.49131447421452,27,0.050000000000000044,0.4987625512811873,1,1.0
1049,16385,7.121560419550228,8,0.050000000000000044,0.5894469544291496,1,1.0
1050,16390,3.7562653400402612,5,0.050000000000000044,0.5543284893035889,1,1.0
1051,16395,3.9590471683324666,5,0.050000000000000044,0.6374666213989257,1,1.0
1052,16408,11.547954803961037,13,0.050000000000000044,0.5594067183824686,1,1.0
1053,16418,8.557199201410162,10,0.050000000000000044,0.44329518377780913,1,1.0
1054,16434,13.60795437101727,16,0.050000000000000044,0.5296235959976912,1,1.0
1055,16443,6.856116176504245,9,0.050000000000000044,0.5938376188278198,1,1.0
1056,16451,6.957162084773189,8,0.050000000000000044,0.4583194851875305,1,1.0
1057,16478,22.260175543174036,27,0.050000000000000044,0.5206886684453046,1,1.0
1058,16487,7.794132063025972,9,0.050000000000000044,0.5375462671120962,1,1.0
1059,16506,16.5504867392797,19,0.050000000000000044,0.4960084557533264,1,1.0
1060,16536,25.97595021503487,30,0.050000000000000044,0.5246302137772242,0,1.0
1061,16552,12.324139047954771,16,0.050000000000000044,0.5039402563124895,1,1.0
1062,16574,19.8376329715987,22,0.050000000000000044,0.5389855788512663,1,1.0
1063,16586,10.55642796792267,12,0.050000000000000044,0.4987736518184344,1,1.0
1064,16597,9.759290686488091,11,0.050000000000000044,0.5038711753758517,1,1.0
1065,16627,25.174738574704786,30,0.050000000000000044,0.5478169431289037,0,1.0
1066,16633,4.959018187143877,6,0.050000000000000044,0.5588031709194183,1,1.0
1067,16641,6.586855525720931,8,0.050000000000000044,0.48839854821562767,1,1.0
1068,16645,3.123423724599727,4,0.050000000000000044,0.573561780154705,1,1.0
1069,16661,14.23276739370286,16,0.050000000000000044,0.5452976059168577,1,1.0
1070,16669,7.054113230944099,8,0.050000000000000044,0.563798725605011,1,1.0
1071,16684,13.67595935222813,15,0.050000000000000044,0.5367510616779327,1,1.0
1072,16700,13.802748624578292,16,0.050000000000000044,0.515411801636219,1,1.0
1073,16703,1.9602091714909529,3,0.050000000000000044,0.4502689043680827,1,1.0
1074,16707,2.9851781656432337,4,0.050000000000000044,0.48837265372276306,1,1.0
1075,16723,14.949242591864648,16,0.050000000000000044,0.5651131141930819,1,1.0
1076,16752,24.857757395592568,29,0.050000000000000044,0.5445352114480118,1,1.0
1077,16763,8.567171305266806,11,0.050000000000000044,0.4892925891009244,1,1.0
1078,16774,8.605554667642917,11,0.050000000000000044,0.513657653873617,1,1.0
1079,16785,9.753953814906872,11,0.050000000000000044,0.4876292510466142,1,1.0
1080,16796,7.855831308388875,11,0.050000000000000044,0.5768759982152418,1,1.0
1081,16799,1.5974290027069835,3,0.050000000000000044,0.5181807478268942,1,1.0
1082,16829,25.596188078086833,30,0.050000000000000044,0.5873164176940918,0,1.0
1083,16835,4.957172438484455,6,0.050000000000000044,0.4712258229653041,1,1.0
1084,16858,19.42973079812853,23,0.050000000000000044,0.5124063478863757,1,1.0
1085,16873,13.353191001634604,15,0.050000000000000044,0.5490142862002055,1,1.0
1086,16879,4.7922922578570635,6,0.050000000000000044,0.5344251294930776,1,1.0
1087,16886,5.95293286653368,7,0.050000000000000044,0.4963998624256679,1,1.0
1088,16901,13.196680601892053,15,0.050000000000000044,0.576073271036148,1,1.0
1089,16910,7.950516532849596,9,0.050000000000000044,0.4141995675033993,1,1.0
1090,16940,24.370166865748548,30,0.050000000000000044,0.5501939137776692,0,1.0
1091,16944,3.1187251130042064,4,0.050000000000000044,0.6626432836055756,1,1.0
1092,16974,24.261555816379992,30,0.050000000000000044,0.5368773897488912,0,1.0
1093,16980,5.1916358785584755,6,0.050000000000000044,0.47462494671344757,1,1.0
1094,17010,22.93896910991122,30,0.050000000000000044,0.5839000264803569,0,1.0
1095,17023,9.899177780252407,13,0.050000000000000044,0.6380148873879359,1,1.0
1096,17034,9.753953835868776,11,0.050000000000000044,0.5985944352366708,1,1.0
1097,17064,26.359474057412605,30,0.050000000000000044,0.5965979744990667,0,1.0
1098,17078,11.773094883160255,14,0.050000000000000044,0.6364827709538596,1,1.0
1099,17085,5.552775498139635,7,0.050000000000000044,0.5710769593715668,1,1.0
1100,17115,24.004896110424852,30,0.050000000000000044,0.6058391784628232,1,1.0
1101,17125,8.977546865765236,10,0.050000000000000044,0.5892580717802047,1,1.0
1102,17141,13.995649926426522,16,0.050000000000000044,0.5723225362598896,1,1.0
1103,17157,12.957089260687942,16,0.050000000000000044,0.5570475459098816,1,1.0
1104,17168,8.097188399689452,11,0.050000000000000044,0.4623655676841736,1,1.0
1105,17198,26.60464449876875,30,0.050000000000000044,0.5919833968083064,0,1.0
1106,17210,10.480404081523975,12,0.050000000000000044,0.6367654775579771,1,1.0
1107,17240,24.94066972390451,30,0.050000000000000044,0.5835964679718018,0,1.0
1108,17262,18.57307770847587,22,0.050000000000000044,0.5923741148276762,1,1.0
1109,17269,5.959013234599721,7,0.050000000000000044,0.7094432881900242,1,1.0
1110,17273,2.9592167598122607,4,0.050000000000000044,0.5830300599336624,1,1.0
1111,17283,8.076778926442618,10,0.050000000000000044,0.6194367468357086,1,1.0
1112,17290,5.953452566732874,7,0.050000000000000044,0.5059204910482679,1,1.0
1113,17294,2.395910266581573,4,0.050000000000000044,0.6781462356448174,1,1.0
1114,17312,14.60099629846411,18,0.050000000000000044,0.5905446178383298,1,1.0
1115,17342,24.016522363574918,30,0.050000000000000044,0.5900552064180374,0,1.0
1116,17372,25.455167349395545,30,0.050000000000000044,0.5873041450977325,0,1.0
1117,17393,17.19909890603986,21,0.050000000000000044,0.5650322295370556,1,1.0
1118,17401,6.760149598236084,8,0.050000000000000044,0.5726162828505039,1,1.0
1119,17406,3.9572014196905787,5,0.050000000000000044,0.5931792378425598,1,1.0
1120,17436,24.491241143300734,30,0.050000000000000044,0.5918712904055913,0,1.0
1121,17444,6.955049221974475,8,0.050000000000000044,0.5994750410318375,1,1.0
1122,17452,6.756069197963441,8,0.050000000000000044,0.6524082608520985,1,1.0
1123,17482,24.17037420310026,30,0.050000000000000044,0.5810167104005813,0,1.0
1124,17498,12.730736107233811,16,0.050000000000000044,0.6015322003513575,1,1.0
1125,17528,23.82350973285622,30,0.050000000000000044,0.5842359652121861,0,1.0
1126,17539,8.759920755258591,11,0.050000000000000044,0.4856488460844213,1,1.0
1127,17569,23.799667062218578,30,0.050000000000000044,0.6035044421752294,0,1.0
1128,17594,21.037168111516266,25,0.050000000000000044,0.5766587805747986,1,1.0
1129,17624,24.105399077359703,30,0.050000000000000044,0.5830307046572367,0,1.0
1130,17636,10.555529156285697,12,0.050000000000000044,0.5855382333199183,1,1.0
1131,17666,26.59222209480732,30,0.050000000000000044,0.6023834119240443,0,1.0
1132,17676,8.55456978080234,10,0.050000000000000044,0.6435812532901763,1,1.0
1133,17694,15.278369687708413,18,0.050000000000000044,0.5902386274602678,1,1.0
1134,17711,14.557071241587161,17,0.050000000000000044,0.5332131666295669,1,1.0
1135,17726,13.202008153603982,15,0.050000000000000044,0.6040990134080251,1,1.0
1136,17741,13.151328363061978,15,0.050000000000000044,0.6346750477949779,1,1.0
1137,17748,4.962009653245635,7,0.050000000000000044,0.65298764194761,1,1.0
1138,17760,10.794132033365432,12,0.050000000000000044,0.662928099433581,1,1.0
1139,17772,10.786992777043178,12,0.050000000000000044,0.5262973234057426,1,1.0
1140,17784,9.40789992474383,12,0.050000000000000044,0.638135256866614,1,1.0
1141,17809,22.1592836432285,25,0.050000000000000044,0.5847377002239227,1,1.0
1142,17839,25.3874308230954,30,0.050000000000000044,0.5164743294318517,0,1.0
1143,17848,7.311122143879728,9,0.050000000000000044,0.6069345474243164,1,1.0
1144,17874,19.94680779358364,26,0.050000000000000044,0.5845215137188251,1,1.0
1145,17889,13.191320127653643,15,0.050000000000000044,0.555628256003062,1,1.0
1146,17919,26.236842044709867,30,0.050000000000000044,0.5858660111824672,0,1.0
1147,17925,5.275354139347979,6,0.050000000000000044,0.6923768023649851,1,1.0
1148,17940,13.591210542742951,15,0.050000000000000044,0.5452106873194377,1,1.0
1149,17967,21.57885489840884,27,0.050000000000000044,0.5742035298435776,1,1.0
1150,17985,16.15784893996876,18,0.050000000000000044,0.5851556774642732,1,1.0
1151,18011,20.614258937933688,26,0.050000000000000044,0.6700941828581003,1,1.0
1152,18023,8.927246165191045,12,0.050000000000000044,0.7790450106064478,1,1.0
1153,18053,24.09581008843049,30,0.050000000000000044,0.6463308533032736,0,1.0
1154,18062,7.955057843661701,9,0.050000000000000044,0.5862686965200636,1,1.0
1155,18092,28.161560885578886,30,0.050000000000000044,0.6566966195901235,0,1.0
1156,18103,9.953465500464418,11,0.050000000000000044,0.6379925446076826,1,1.0
1157,18110,5.358591679145227,7,0.050000000000000044,0.6723253854683467,1,1.0
1158,18140,24.53528531692409,30,0.050000000000000044,0.6589750121037166,0,1.0
1159,18152,10.403204545076383,12,0.050000000000000044,0.6406914641459783,1,1.0
1160,18170,15.133000865480511,18,0.050000000000000044,0.6803111334641775,1,1.0
1161,18176,4.757460543545279,6,0.050000000000000044,0.7000702470541,1,1.0
1162,18181,3.75812300647113,5,0.050000000000000044,0.6434753835201263,1,1.0
1163,18205,18.68928960714464,24,0.050000000000000044,0.6069883195062479,1,1.0
1164,18235,25.020320257718915,30,0.050000000000000044,0.6554080545902252,0,1.0
1165,18265,24.267630729157105,30,0.050000000000000044,0.6528984387715657,0,1.0
1166,18277,10.159603448975163,12,0.050000000000000044,0.7276327560345331,1,1.0
1167,18307,23.499235869784712,30,0.050000000000000044,0.6840566476186116,0,1.0
1168,18314,5.794133053985601,7,0.050000000000000044,0.6982796532767159,1,1.0
1169,18317,1.9583725634928275,3,0.050000000000000044,0.6887549956639608,1,1.0
1170,18327,8.281048232580625,10,0.050000000000000044,0.5913721978664398,1,1.0
1171,18357,25.257156214367193,30,0.050000000000000044,0.6520338555177053,0,1.0
1172,18367,7.964728986514284,10,0.050000000000000044,0.624106478691101,1,1.0
1173,18374,5.95716303443921,7,0.050000000000000044,0.6369278601237706,1,1.0
1174,18389,12.168607776051612,15,0.050000000000000044,0.6518365124861399,1,1.0
1175,18399,8.156500863211738,10,0.050000000000000044,0.680240923166275,1,1.0
1176,18429,24.89051083462403,30,0.050000000000000044,0.6383954604466756,0,1.0
1177,18441,10.959012213979552,12,0.050000000000000044,0.6537563502788544,1,1.0
1178,18453,9.846088513435285,12,0.050000000000000044,0.7060328498482704,1,1.0
1179,18470,13.42034532489185,17,0.050000000000000044,0.5963896004592671,1,1.0
1180,18476,4.39175232818404,6,0.050000000000000044,0.5852901240189871,1,1.0
1181,18498,18.769949405050724,22,0.050000000000000044,0.5621744638139551,1,1.0
1182,18502,3.1976750523948407,4,0.050000000000000044,0.6174873486161232,1,1.0
1183,18521,17.34829242124583,19,0.050000000000000044,0.6219193276606108,1,1.0
1184,18535,11.605850918772981,14,0.050000000000000044,0.658752788390432,1,1.0
1185,18549,12.207304951400705,14,0.050000000000000044,0.5848134287766048,1,1.0
1186,18558,7.753964241045095,9,0.050000000000000044,0.6717398663361868,1,1.0
1187,18564,4.957177290232426,6,0.050000000000000044,0.6561161577701569,1,1.0
1188,18594,22.547197441097623,30,0.050000000000000044,0.6058924516042073,0,1.0
1189,18608,10.162649032010584,14,0.050000000000000044,0.554492535335677,1,1.0
1190,18625,13.165791976995518,17,0.050000000000000044,0.6451075515326332,1,1.0
1191,18630,3.794166987718347,5,0.050000000000000044,0.7440793871879577,1,1.0
1192,18660,27.3914262950951,30,0.050000000000000044,0.632437311609586,0,1.0
1193,18666,4.794138006529757,6,0.050000000000000044,0.7521465470393499,1,1.0
1194,18675,6.60309260108519,9,0.050000000000000044,0.5969152020083534,1,1.0
1195,18705,24.494993926158195,30,0.050000000000000044,0.6035625139872233,0,1.0
1196,18712,6.11045967805977,7,0.050000000000000044,0.6704447993210384,1,1.0
1197,18717,3.656434068295144,5,0.050000000000000044,0.668050616979599,1,1.0
1198,18729,7.972429002706982,12,0.050000000000000044,0.5929251089692116,1,1.0
1199,18735,4.55663250881008,6,0.050000000000000044,0.6580746720234553,1,1.0
1200,18745,8.39591137831048,10,0.050000000000000044,0.6730670750141143,1,1.0
1201,18775,24.82690613229869,30,0.050000000000000044,0.6345956146717071,0,1.0
1202,18805,23.86210551640117,30,0.050000000000000044,0.6089660902818044,0,1.0
1203,18819,9.855763933234442,14,0.050000000000000044,0.6031251336847033,1,1.0
1204,18832,9.968173477573986,13,0.050000000000000044,0.6343742654873774,1,1.0
1205,18838,4.959018187143877,6,0.050000000000000044,0.5681506171822548,1,1.0
1206,18857,15.845211101930076,19,0.050000000000000044,0.5941580910431711,1,1.0
1207,18868,9.914141517276366,11,0.050000000000000044,0.5557290992953561,1,1.0
1208,18884,13.016109753695181,16,0.050000000000000044,0.661750677973032,1,1.0
1209,18905,17.250595073427288,21,0.050000000000000044,0.6067018977233342,1,1.0
1210,18923,15.552737214565335,18,0.050000000000000044,0.7158895399835374,1,1.0
1211,18941,16.19230657238311,18,0.050000000000000044,0.6392850263251199,1,1.0
1212,18968,21.137573484285976,27,0.050000000000000044,0.5862238042884402,1,1.0
1213,18998,23.98410360625999,30,0.050000000000000044,0.6671836525201797,0,1.0
1214,19005,5.757924433802747,7,0.050000000000000044,0.6520503759384155,1,1.0
1215,19025,17.787678638172686,20,0.050000000000000044,0.6983635872602463,1,1.0
1216,19037,11.075634214257226,12,0.050000000000000044,0.7216714521249136,1,1.0
1217,19056,17.199284706693124,19,0.050000000000000044,0.683810597971866,1,1.0
1218,19073,13.252376495278426,17,0.050000000000000044,0.6467321795575759,1,1.0
1219,19103,26.883415120903713,30,0.050000000000000044,0.7785774846871694,0,1.0
1220,19127,18.806407683919826,24,0.050000000000000044,0.7068823712567488,1,1.0
1221,19154,23.52345483798119,27,0.050000000000000044,0.7406983033374503,1,1.0
1222,19178,17.601701693613936,24,0.050000000000000044,0.659088476250569,1,1.0
1223,19208,24.789737946337958,30,0.050000000000000044,0.6982864061991374,0,1.0
1224,19232,19.805895891592357,24,0.050000000000000044,0.656989169617494,1,1.0
1225,19237,3.1986077584177677,5,0.050000000000000044,0.8917122125625611,1,1.0
1226,19267,22.361622244314688,30,0.050000000000000044,0.6598116616408031,0,1.0
1227,19280,11.594474142020426,13,0.050000000000000044,0.6950340683643634,1,1.0
1228,19310,24.537321742299856,30,0.050000000000000044,0.6490698913733165,0,1.0
1229,19340,26.40374349890444,30,0.050000000000000044,0.6951750189065933,0,1.0
1230,19365,18.215966455270667,25,0.050000000000000044,0.6411223626136779,1,1.0
1231,19395,23.33383938908097,30,0.050000000000000044,0.6511513282855351,0,1.0
1232,19404,8.193468952866372,9,0.050000000000000044,0.7844192120763991,1,1.0
1233,19420,14.357564351184562,16,0.050000000000000044,0.7139493338763714,1,1.0
1234,19425,3.794166987718347,5,0.050000000000000044,0.7932575821876526,1,1.0
1235,19438,9.971572807854587,13,0.050000000000000044,0.6639270369823163,1,1.0
1236,19457,14.292444864302748,19,0.050000000000000044,0.7449305622201217,1,1.0
1237,19487,23.310744705101563,30,0.050000000000000044,0.6855853587388993,0,1.0
1238,19492,3.3645686783256927,5,0.050000000000000044,0.6802809178829193,1,1.0
1239,19522,22.711491218088646,30,0.050000000000000044,0.6667324006557465,0,1.0
1240,19552,24.188572758380587,30,0.050000000000000044,0.6608587503433228,0,1.0
1241,19564,10.196902236280422,12,0.050000000000000044,0.658788820107778,1,1.0
1242,19577,10.843084618482978,13,0.050000000000000044,0.7842824482000791,1,1.0
1243,19582,3.557624920501958,5,0.050000000000000044,0.5959638714790344,1,1.0
1244,19596,11.595601482384673,14,0.050000000000000044,0.6228928182806287,1,1.0
1245,19626,22.44533487340311,30,0.050000000000000044,0.7031463583310446,0,1.0
1246,19656,25.805172517869497,30,0.050000000000000044,0.6671749929587046,1,1.0
1247,19664,6.79044431806504,8,0.050000000000000044,0.5026432164013386,1,1.0
1248,19689,18.823690685905856,25,0.050000000000000044,0.6523413813114166,1,1.0
1249,19719,25.32488979392299,30,0.050000000000000044,0.6064407845338186,0,1.0
1250,19749,24.297603657799517,30,0.050000000000000044,0.7015973617633183,1,1.0
1251,19762,9.763966061022566,13,0.050000000000000044,0.6734781242333926,1,1.0
1252,19792,22.003830115294015,30,0.050000000000000044,0.7165890306234359,0,1.0
1253,19805,10.279743594944067,13,0.050000000000000044,0.678186086507944,1,1.0
1254,19835,26.24930876184362,30,0.050000000000000044,0.6718851218620936,0,1.0
1255,19841,4.955062641786845,6,0.050000000000000044,0.6961865425109863,1,1.0
1256,19847,4.955331902854784,6,0.050000000000000044,0.6031676679849625,1,1.0
1257,19858,9.201540225078455,11,0.050000000000000044,0.644251284274188,1,1.0
1258,19863,3.598889412854372,5,0.050000000000000044,0.7287803530693054,1,1.0
1259,19893,23.29397579809673,30,0.050000000000000044,0.6531231353680292,0,1.0
1260,19923,24.22438578971261,30,0.050000000000000044,0.634958044687907,0,1.0
1261,19931,6.953714455967301,8,0.050000000000000044,0.6423433013260365,1,1.0
1262,19961,25.031412037458143,30,0.050000000000000044,0.6574405948321025,0,1.0
1263,19990,23.137267145853052,29,0.050000000000000044,0.588498901704262,1,1.0
1264,19997,5.553034574730877,7,0.050000000000000044,0.5610612460545131,1,1.0
