episode,global_step,episode_reward,episode_length,epsilon,avg_loss
1,15,10.66262762255096,15,0.99715,nan
2,20,3.7923133856000804,5,0.9962,nan
3,31,7.247622427068472,11,0.99411,nan
4,52,16.72052286904551,21,0.99012,nan
5,56,2.7240449697457008,4,0.98936,nan
6,76,14.293669243127948,20,0.98556,nan
7,101,21.1126883307189,25,0.98081,nan
8,104,1.9583725634928275,3,0.98024,nan
9,106,1.1211282096181674,2,0.97986,nan
10,110,2.3974713947814035,4,0.9791,nan
11,122,8.846051347521843,12,0.97682,nan
12,152,21.172990793996696,30,0.97112,nan
13,165,8.298917860335173,13,0.96865,nan
14,170,3.364987613054878,5,0.9677,nan
15,184,10.307853642702831,14,0.96504,nan
16,200,13.630560831130426,16,0.962,nan
17,222,16.33265742713588,22,0.95782,nan
18,226,2.6012803155940354,4,0.95706,nan
19,254,19.455486024553498,28,0.95174,nan
20,263,6.589181828100355,9,0.95003,nan
21,293,25.05868369420012,30,0.94433,nan
22,298,3.200102027666586,5,0.94338,nan
23,306,5.452603812352268,8,0.94186,nan
24,314,4.969363884434706,8,0.94034,nan
25,328,10.851247698286835,14,0.93768,nan
26,339,7.8470374169651835,11,0.93559,nan
27,347,5.324719045238041,8,0.93407,nan
28,365,11.992362107740377,18,0.93065,nan
29,395,24.744302819624743,30,0.92495,nan
30,409,10.044779848861545,14,0.92229,nan
31,418,5.771722471098833,9,0.92058,nan
32,432,11.796306460531005,14,0.91792,nan
33,456,19.59750171373758,24,0.91336,nan
34,472,12.417829287305322,16,0.91032,nan
35,480,6.756069196779635,8,0.9088,nan
36,494,11.276972108325534,14,0.90614,nan
37,504,7.134741610363228,10,0.90424,nan
38,509,3.761175943647523,5,0.90329,nan
39,512,1.9602091714909529,3,0.90272,nan
40,524,7.821921945957291,12,0.90044,nan
41,528,2.401190587607902,4,0.89968,nan
42,531,1.5982070401394535,3,0.89911,nan
43,540,7.957162655504025,9,0.8974,nan
44,545,3.9590471683324666,5,0.89645,nan
45,556,7.8522677747285705,11,0.89436,nan
46,571,12.762769210895524,15,0.89151,nan
47,574,1.9602091714909529,3,0.8909400000000001,nan
48,604,21.83678888737625,30,0.88524,nan
49,610,4.179127899960961,6,0.8841,nan
50,620,7.165574966263272,10,0.8822,nan
51,624,2.5682892715232106,4,0.88144,nan
52,631,5.353817940939066,7,0.88011,nan
53,661,21.491254159929472,30,0.87441,nan
54,674,11.356142705099673,13,0.8719399999999999,nan
55,685,9.561424784324087,11,0.86985,nan
56,702,11.899143456361191,17,0.86662,nan
57,708,4.278113944851585,6,0.86548,nan
58,738,21.406703142391265,30,0.85978,nan
59,744,3.89011430527687,6,0.8586400000000001,nan
60,752,5.8103579587223555,8,0.85712,nan
61,782,22.078380287743737,30,0.8514200000000001,nan
62,789,5.9571636464636555,7,0.85009,nan
63,796,5.16031114387881,7,0.84876,nan
64,803,4.532955131542753,7,0.84743,nan
65,806,1.9124170437894594,3,0.84686,nan
66,821,11.330060663889153,15,0.8440099999999999,nan
67,839,15.386449417568967,18,0.84059,nan
68,844,3.200063684841354,5,0.8396399999999999,nan
69,859,12.354115576184231,15,0.83679,nan
70,879,16.174128922905666,20,0.83299,nan
71,887,6.362456259241557,8,0.83147,nan
72,897,6.846320055922522,10,0.82957,nan
73,912,10.497711234627468,15,0.82672,nan
74,922,6.608773115060871,10,0.82482,nan
75,938,10.86153974017899,16,0.82178,nan
76,960,19.159628523791138,22,0.8176,nan
77,964,2.788698480847099,4,0.81684,nan
78,967,2.0795273533091345,3,0.81627,nan
79,997,21.168969227888034,30,0.81057,nan
80,1007,7.638939220506625,10,0.80867,nan
81,1036,21.048267591696085,29,0.80316,nan
82,1054,14.244026338468418,18,0.79974,nan
83,1065,9.161323046192924,11,0.79765,nan
84,1074,5.770496467065445,9,0.79594,nan
85,1079,2.92728026555853,5,0.7949900000000001,nan
86,1084,3.388506750463752,5,0.7940400000000001,nan
87,1092,5.563284407921062,8,0.79252,nan
88,1120,20.153841623773403,28,0.7872,nan
89,1128,6.959012388268193,8,0.78568,nan
90,1130,1.2783909896727712,2,0.7853,nan
91,1149,14.173225176109757,19,0.78169,nan
92,1153,2.3989273212049906,4,0.78093,nan
93,1183,21.401663503637558,30,0.77523,nan
94,1199,10.780663341866287,16,0.7721899999999999,nan
95,1211,9.578458948952363,12,0.76991,nan
96,1214,1.8029918573176227,3,0.76934,nan
97,1244,22.239106307848882,30,0.76364,nan
98,1247,1.602272727272727,3,0.76307,nan
99,1254,5.784086765690523,7,0.76174,nan
100,1257,1.6000371704030871,3,0.76117,nan
101,1287,21.02634308253678,30,0.75547,nan
102,1313,20.2183399463999,26,0.75053,nan
103,1326,11.159122690283985,13,0.74806,nan
104,1341,12.4507599105127,15,0.74521,nan
105,1352,9.601186122704393,11,0.74312,nan
106,1382,23.78536751138019,30,0.73742,nan
107,1394,9.684625201288508,12,0.73514,nan
108,1398,2.5642135175608773,4,0.73438,nan
109,1418,15.414380136482807,20,0.73058,nan
110,1422,2.5682892715232106,4,0.72982,nan
111,1426,2.9573710298187494,4,0.72906,nan
112,1430,2.761345535127316,4,0.7283000000000001,nan
113,1437,4.80234875409505,7,0.72697,nan
114,1459,15.344949679635913,22,0.72279,nan
115,1472,11.320420402796701,13,0.7203200000000001,nan
116,1475,1.7671529078868469,3,0.71975,nan
117,1487,10.36060069182131,12,0.71747,nan
118,1491,2.5204916301590723,4,0.71671,nan
119,1495,2.3985653663433473,4,0.7159500000000001,nan
120,1502,4.801974457252438,7,0.71462,nan
121,1514,10.756711125014762,12,0.71234,nan
122,1542,21.891411160642075,28,0.70702,nan
123,1567,17.798947863418487,25,0.70227,nan
124,1597,21.887221148428576,30,0.69657,nan
125,1610,9.322684891209246,13,0.6940999999999999,nan
126,1615,3.364932165612759,5,0.6931499999999999,nan
127,1624,6.770567354943386,9,0.69144,nan
128,1650,17.69173432190693,26,0.6865,nan
129,1658,5.6016366484610804,8,0.68498,nan
130,1670,10.360572444556608,12,0.6827,nan
131,1674,2.3989825583753617,4,0.68194,nan
132,1677,1.8864710897050287,3,0.68137,nan
133,1684,5.408023210581651,7,0.68004,nan
134,1699,9.682120401769819,15,0.67719,nan
135,1712,10.128697778360118,13,0.67472,nan
136,1742,20.88863389437779,30,0.66902,nan
137,1748,4.59530335135471,6,0.66788,nan
138,1775,20.659841896389157,27,0.66275,nan
139,1780,3.9590471683324666,5,0.6618,nan
140,1786,4.0008184722811855,6,0.66066,nan
141,1816,22.076120455638396,30,0.65496,nan
142,1846,21.796511616788518,30,0.6492600000000001,nan
143,1850,2.3989825583753617,4,0.6485000000000001,nan
144,1864,9.227362079522216,14,0.64584,nan
145,1876,10.324355469447685,12,0.64356,nan
146,1880,2.683113983794577,4,0.6428,nan
147,1896,12.37379176062479,16,0.6397600000000001,nan
148,1913,14.207968169467257,17,0.63653,nan
149,1916,1.9875621172107356,3,0.6359600000000001,nan
150,1946,21.00609683280143,30,0.63026,nan
151,1967,16.41228872444932,21,0.62627,nan
152,1980,9.572451199955571,13,0.6238,nan
153,1984,2.401190587607902,4,0.62304,nan
154,1990,4.68080766890317,6,0.6219,nan
155,2006,11.408174731386502,16,0.61886,nan
156,2009,1.7671529078868469,3,0.61829,nan
157,2011,1.1985551664893401,2,0.61791,nan
158,2041,24.33843937236603,30,0.61221,nan
159,2048,4.804582538866981,7,0.61088,nan
160,2061,9.603239984651806,13,0.60841,nan
161,2066,3.204545454545454,5,0.60746,nan
162,2087,17.72428732111491,21,0.60347,nan
163,2091,2.957376534134098,4,0.6027100000000001,nan
164,2110,13.904987474606596,19,0.5991,nan
165,2126,13.569881794862928,16,0.59606,nan
166,2136,6.807239443608898,10,0.59416,nan
167,2149,8.985780629352641,13,0.59169,nan
168,2154,3.568119680043417,5,0.59074,nan
169,2157,1.9602091714909529,3,0.5901700000000001,nan
170,2187,21.018145319565548,30,0.58447,nan
171,2190,1.989430498320539,3,0.5839000000000001,nan
172,2199,8.191372333742281,9,0.58219,nan
173,2209,6.364172045139661,10,0.58029,nan
174,2239,23.552363860786762,30,0.57459,nan
175,2269,20.573863636363644,30,0.5688900000000001,nan
176,2275,4.855250992721398,6,0.56775,nan
177,2299,17.109330936953814,24,0.5631900000000001,nan
178,2329,20.888803538746128,30,0.55749,nan
179,2359,21.492207131858393,30,0.55179,nan
180,2385,19.74020784430204,26,0.5468500000000001,nan
181,2393,6.7582993980755734,8,0.54533,nan
182,2400,4.446628079493996,7,0.544,nan
183,2406,4.560475049361671,6,0.54286,nan
184,2429,16.18657485693695,23,0.53849,nan
185,2432,1.7671529078868469,3,0.53792,nan
186,2446,9.701212540386633,14,0.5352600000000001,nan
187,2476,20.653368076793367,30,0.52956,nan
188,2481,3.204545454545454,5,0.52861,nan
189,2489,4.971578606706126,8,0.5270900000000001,nan
190,2519,21.365868263236365,30,0.52139,nan
191,2525,4.3613826497774895,6,0.5202500000000001,nan
192,2555,22.07769616423007,30,0.5145500000000001,nan
193,2570,11.380789271523208,15,0.5117,nan
194,2600,22.19418151871939,30,0.506,nan
195,2611,8.45913566835682,11,0.5039100000000001,nan
196,2621,7.194983753436814,10,0.5020100000000001,nan
197,2650,20.677159846630545,29,0.49650000000000005,nan
198,2667,14.530275988434129,17,0.49327,nan
199,2674,5.0024537938345,7,0.49193999999999993,nan
200,2704,21.684038616179574,30,0.4862400000000001,nan
201,2730,17.84667727925776,26,0.48129999999999995,nan
202,2743,11.595523333968002,13,0.4788300000000001,nan
203,2745,1.1240078551770405,2,0.47844999999999993,nan
204,2763,15.806613635837452,18,0.47503000000000006,nan
205,2772,5.778521265551465,9,0.4733200000000001,nan
206,2784,9.00895840193099,12,0.47104,nan
207,2814,21.95832907981188,30,0.4653400000000001,nan
208,2844,22.840909061248567,30,0.45964000000000005,nan
209,2860,12.97717580907005,16,0.4566000000000001,nan
210,2883,18.7682506267811,23,0.45223,nan
211,2891,4.858062618608448,8,0.45070999999999994,nan
212,2907,11.377231205325312,16,0.44767,nan
213,2937,23.74852064512019,30,0.44197,nan
214,2944,5.164754626036407,7,0.44064000000000003,nan
215,2957,8.738624061275726,13,0.43816999999999995,nan
216,2966,7.159128717114885,9,0.43646000000000007,nan
217,2972,4.003446175228971,6,0.43532000000000004,nan
218,3002,23.235193310727812,30,0.42962,nan
219,3020,11.787540193476993,18,0.4262,nan
220,3029,5.659176395475872,9,0.42449000000000003,nan
221,3040,9.877616443243284,11,0.4224,nan
222,3043,1.989430498320539,3,0.42183000000000004,nan
223,3058,12.607954371017886,15,0.41898,nan
224,3081,16.634235471467413,23,0.41461000000000003,nan
225,3110,19.963548911903356,29,0.4091,nan
226,3131,15.70452139001696,21,0.4051100000000001,nan
227,3139,6.325095177209771,8,0.40359,nan
228,3145,4.959018187143877,6,0.40245,nan
229,3175,22.443180798283418,30,0.39675000000000005,nan
230,3205,20.65339098967278,30,0.39105,nan
231,3215,8.003238617849846,10,0.38915,nan
232,3227,9.372871671375457,12,0.38687000000000005,nan
233,3233,4.0056818181818175,6,0.38573000000000013,nan
234,3250,14.127932160084743,17,0.38250000000000006,nan
235,3256,4.003463314880629,6,0.38136000000000003,nan
236,3267,7.25244094765189,11,0.37927,nan
237,3286,15.19719086678731,19,0.37566,nan
238,3301,10.774378397642808,15,0.37281,nan
239,3331,21.246584253036996,30,0.36711000000000005,nan
240,3343,8.573863636363635,12,0.3648300000000001,nan
241,3366,16.62967133492734,23,0.36046,nan
242,3393,24.96472895670498,27,0.35533000000000003,nan
243,3423,23.086977801413145,30,0.34963,nan
244,3453,21.34695624532738,30,0.34393000000000007,nan
245,3482,20.955585761118687,29,0.33842000000000005,nan
246,3512,20.573863636363644,30,0.33272,nan
247,3526,12.760148577492576,14,0.33006,nan
248,3530,2.403409090909091,4,0.32930000000000004,nan
249,3552,19.35808968973976,22,0.32511999999999996,nan
250,3582,23.912530337248015,30,0.31942000000000004,nan
251,3612,21.28345675752237,30,0.31372,nan
252,3622,7.210227272727271,10,0.31182,nan
253,3634,9.567001713787011,12,0.30954000000000004,nan
254,3646,10.955321709006432,12,0.3072600000000001,nan
255,3676,20.659179865503607,30,0.30156000000000005,nan
256,3696,16.136543938431153,20,0.29776,nan
257,3726,22.714143753364887,30,0.2920600000000001,nan
258,3728,0.9204545454545453,2,0.29167999999999994,nan
259,3739,9.360185836363534,11,0.28959,nan
260,3745,4.0012124761091545,6,0.28845,nan
261,3756,8.009127993412434,11,0.28636000000000006,nan
262,3772,12.808419480212795,16,0.2833200000000001,nan
263,3795,16.905486667841263,23,0.27895000000000003,nan
264,3820,19.227272727272723,25,0.2742,nan
265,3827,4.857094471800365,7,0.27287000000000006,nan
266,3857,22.712897672138364,30,0.26717,nan
267,3887,21.4886521961328,30,0.2614700000000001,nan
268,3890,1.6000542239715385,3,0.2609,nan
269,3905,12.595158724401736,15,0.25805,nan
270,3910,3.255340114493984,5,0.2571,nan
271,3924,11.68626686982092,14,0.25444,nan
272,3941,12.81186565962077,17,0.25121000000000004,nan
273,3957,12.568777352363494,16,0.24817,nan
274,3987,22.478511033232245,30,0.24247000000000007,nan
275,4008,16.02050876942608,21,0.23848000000000003,nan
276,4013,3.2553400862912585,5,0.23753000000000002,nan
277,4022,5.927362188234029,9,0.23582000000000003,nan
278,4032,7.207991629776071,10,0.23392000000000002,nan
279,4062,20.571645133062454,30,0.22821999999999998,nan
280,4079,15.918628257276978,17,0.22499000000000002,nan
281,4089,8.680603297359102,10,0.22309,nan
282,4092,1.7671529078868469,3,0.22252000000000005,nan
283,4101,6.409090909090907,9,0.22080999999999995,nan
284,4131,22.120919484007032,30,0.21511000000000002,nan
285,4143,10.402220484381655,12,0.21283000000000007,nan
286,4169,20.02209119353077,26,0.20789000000000002,nan
287,4182,11.256423036861827,13,0.20542000000000005,nan
288,4212,22.363636363636374,30,0.19972,nan
289,4228,12.97038182350751,16,0.19667999999999997,nan
290,4242,10.414772727272725,14,0.19401999999999997,nan
291,4260,12.187499999999998,18,0.1906000000000001,nan
292,4263,1.602272727272727,3,0.19003000000000003,nan
293,4280,14.803385581369692,17,0.18680000000000008,nan
294,4310,22.244318181818194,30,0.18110000000000004,nan
295,4314,2.403409090909091,4,0.18034000000000006,nan
296,4322,5.660984848484847,8,0.1788200000000001,nan
297,4334,9.962854139347979,12,0.17654000000000003,nan
298,4340,4.0056818181818175,6,0.1754,nan
299,4370,23.079545454545464,30,0.16970000000000007,nan
300,4383,9.613636363636362,13,0.16723,nan
301,4413,21.767045454545464,30,0.16152999999999995,nan
302,4423,8.002647477335449,10,0.15962999999999994,nan
303,4442,12.749999999999998,19,0.15602000000000005,nan
304,4445,1.721590909090909,3,0.15544999999999998,nan
305,4450,3.204545454545454,5,0.15450000000000008,nan
306,4478,21.630681818181813,28,0.1491800000000001,nan
307,4482,2.761345535127316,4,0.1484200000000001,nan
308,4496,10.41253708431987,14,0.14576,nan
309,4502,4.003463314880629,6,0.14462000000000008,nan
310,4512,7.964728986514284,10,0.14272000000000007,nan
311,4520,5.607954545454544,8,0.1412,nan
312,4533,9.606959058475677,13,0.13873000000000013,nan
313,4554,19.559434616442655,21,0.13473999999999997,nan
314,4569,12.364027587304214,15,0.13189000000000006,nan
315,4584,11.378553628570353,15,0.12904000000000004,nan
316,4604,14.701334078741858,20,0.12524000000000013,nan
317,4608,2.4564393939393936,4,0.12448000000000004,nan
318,4625,13.572683531968828,17,0.12124999999999997,nan
319,4646,18.063626539194313,21,0.11726000000000003,nan
320,4661,11.380789271523208,15,0.11441000000000001,nan
321,4686,19.227272727272723,25,0.10965999999999998,nan
322,4700,12.601057668488918,14,0.1070000000000001,nan
323,4712,8.812499999999998,12,0.10472000000000004,nan
324,4725,10.169444032539532,13,0.10225000000000006,nan
325,4741,12.014809811592597,16,0.09921000000000002,nan
326,4752,8.567171305266806,11,0.09711999999999998,nan
327,4770,13.619318181818178,18,0.09370000000000012,nan
328,4776,4.003446175230618,6,0.09255999999999998,nan
329,4806,20.81250000000001,30,0.08685999999999994,nan
330,4836,21.5284090909091,30,0.08116000000000012,nan
331,4861,19.227272727272723,25,0.07641000000000009,nan
332,4864,1.602272727272727,3,0.07584000000000002,nan
333,4872,5.607954545454544,8,0.07432000000000005,nan
334,4883,8.00912799341078,11,0.07223000000000002,nan
335,4908,19.22503708431987,25,0.06747999999999998,nan
336,4938,24.034090909090903,30,0.06178000000000006,nan
337,4968,20.693181818181827,30,0.05608000000000002,nan
338,4989,16.020491629774416,21,0.05208999999999997,nan
339,5013,18.545454545454543,24,0.050000000000000044,0.15600790908294065
340,5038,22.026513100405822,25,0.050000000000000044,0.03443762697279453
341,5046,6.957162084773189,8,0.050000000000000044,0.029181205201894045
342,5055,7.362427278052968,9,0.050000000000000044,0.02907175508638223
343,5058,1.9602091714909529,3,0.050000000000000044,0.03443419809142748
344,5063,4.277200005325695,5,0.050000000000000044,0.03459964543581009
345,5075,10.959012213979552,12,0.050000000000000044,0.026728122339894373
346,5083,6.760149598236084,8,0.050000000000000044,0.029096436453983188
347,5088,3.9590471683324666,5,0.050000000000000044,0.024277592822909356
348,5092,3.123423724599727,4,0.050000000000000044,0.033676999155431986
349,5106,12.760148577492576,14,0.050000000000000044,0.03177604052637305
350,5122,14.959012213830917,16,0.050000000000000044,0.02795668679755181
351,5134,11.275343707891569,12,0.050000000000000044,0.028488636792947847
352,5137,1.9602091714909529,3,0.050000000000000044,0.0373177503546079
353,5143,5.197649350608877,6,0.050000000000000044,0.036080217299362026
354,5155,10.957161892843438,12,0.050000000000000044,0.03015061778326829
355,5169,13.054113223931976,14,0.050000000000000044,0.027931056251483306
356,5177,6.959012388268193,8,0.050000000000000044,0.03151474427431822
357,5183,4.959018187143877,6,0.050000000000000044,0.029918853814403217
358,5188,3.9590471683324666,5,0.050000000000000044,0.025100798532366752
359,5191,1.9583725634928275,3,0.050000000000000044,0.0250523133824269
360,5203,10.987566407594883,12,0.050000000000000044,0.025485821223507326
361,5226,18.972992315278397,23,0.050000000000000044,0.02727486565709114
362,5233,5.959013234599721,7,0.050000000000000044,0.02542289945163897
363,5239,4.959018187143877,6,0.050000000000000044,0.027101734653115273
364,5241,0.9660165442504834,2,0.050000000000000044,0.025940516963601112
365,5248,6.19764870958798,7,0.050000000000000044,0.03301347393010344
366,5278,24.066859305969384,30,0.050000000000000044,0.030983824841678144
367,5285,6.19764870958798,7,0.050000000000000044,0.027570333597915515
368,5302,15.957161892694698,17,0.050000000000000044,0.03108951109735405
369,5309,5.959013234599721,7,0.050000000000000044,0.03750630148819515
370,5327,15.73185957685996,18,0.050000000000000044,0.03009160908146037
371,5345,15.519550409023603,18,0.050000000000000044,0.028351715351972315
372,5352,6.19764870958798,7,0.050000000000000044,0.032408547454646656
373,5356,2.9592167598122607,4,0.050000000000000044,0.036004357039928436
374,5364,7.197648600045051,8,0.050000000000000044,0.030928234104067087
375,5366,0.9660165442504834,2,0.050000000000000044,0.02537912968546152
376,5375,7.9590122436400925,9,0.050000000000000044,0.029585119233363204
377,5387,10.955320975642998,12,0.050000000000000044,0.03184860463564595
378,5406,17.95901221383079,19,0.050000000000000044,0.030761749826763805
379,5416,9.123406153662334,10,0.050000000000000044,0.028277789428830146
380,5427,9.957171297866596,11,0.050000000000000044,0.028486314483664253
381,5435,6.959012388268193,8,0.050000000000000044,0.02815296535845846
382,5437,1.1985551664893401,2,0.050000000000000044,0.026840188540518284
383,5443,4.959018187143877,6,0.050000000000000044,0.025988996649781864
384,5449,4.959018187143877,6,0.050000000000000044,0.03354235117634138
385,5452,1.6000371704030871,3,0.050000000000000044,0.028846676150957744
386,5479,22.311650392521283,27,0.050000000000000044,0.030188159534224757
387,5484,4.197653101720811,5,0.050000000000000044,0.03393724374473095
388,5487,1.9602091714909529,3,0.050000000000000044,0.03132577116290728
389,5495,6.957171472012259,8,0.050000000000000044,0.03191430517472327
390,5500,4.197653101720811,5,0.050000000000000044,0.031246043741703033
391,5503,1.9602091714909529,3,0.050000000000000044,0.03063419833779335
392,5517,12.790176487844896,14,0.050000000000000044,0.0258077597245574
393,5519,0.9660165442504834,2,0.050000000000000044,0.02818804606795311
394,5529,8.959012218924851,10,0.050000000000000044,0.028300945088267325
395,5540,9.98943982325162,11,0.050000000000000044,0.030537196011705833
396,5553,11.758298833181271,13,0.050000000000000044,0.03188703338114115
397,5556,1.9602091714909529,3,0.050000000000000044,0.021748957534631092
398,5559,1.9602091714909529,3,0.050000000000000044,0.03891027346253395
399,5566,6.19764870958798,7,0.050000000000000044,0.0305192055446761
400,5572,5.197649350608877,6,0.050000000000000044,0.0256350248431166
401,5579,5.9571636464636555,7,0.050000000000000044,0.024473868842635835
402,5590,9.959012214701307,11,0.050000000000000044,0.03182370960712433
403,5602,10.38878497911499,12,0.050000000000000044,0.03266171722983321
404,5610,6.959012388268193,8,0.050000000000000044,0.02883271686732769
405,5613,1.9583725634928275,3,0.050000000000000044,0.03243974099556605
406,5622,7.760148751904556,9,0.050000000000000044,0.029921241518523958
407,5633,9.754234323240683,11,0.050000000000000044,0.0323315037583763
408,5658,21.60050332792622,25,0.050000000000000044,0.030040924698114396
409,5670,10.959012213979552,12,0.050000000000000044,0.027789413928985596
410,5677,5.959013234599721,7,0.050000000000000044,0.039793381201369424
411,5686,7.9590122436400925,9,0.050000000000000044,0.026027405427561864
412,5694,6.957171472012259,8,0.050000000000000044,0.031235893722623587
413,5702,7.123406168209652,8,0.050000000000000044,0.027877686079591513
414,5710,7.054113230944099,8,0.050000000000000044,0.03509600239340216
415,5720,8.959012218924851,10,0.050000000000000044,0.03303334768861532
416,5726,4.957172438484455,6,0.050000000000000044,0.027550263330340385
417,5739,11.959012213856212,13,0.050000000000000044,0.029709487580336057
418,5750,10.195798274065824,11,0.050000000000000044,0.029298532161522995
419,5763,11.959012213856212,13,0.050000000000000044,0.02416600788441988
420,5769,4.959018187143877,6,0.050000000000000044,0.02812153132011493
421,5799,26.321316714410614,30,0.050000000000000044,0.031536321497211854
422,5804,3.9590471683324666,5,0.050000000000000044,0.03025122471153736
423,5807,2.19780350286469,3,0.050000000000000044,0.02629496529698372
424,5820,11.957161910342208,13,0.050000000000000044,0.0295712066671023
425,5830,9.277194032883125,10,0.050000000000000044,0.0336587842553854
426,5834,3.1976750523948407,4,0.050000000000000044,0.026396657340228558
427,5838,2.9592167598122607,4,0.050000000000000044,0.023080724757164717
428,5846,6.959012388268193,8,0.050000000000000044,0.028915510745719075
429,5848,0.9893852557928039,2,0.050000000000000044,0.027072803117334843
430,5863,13.847139634843526,15,0.050000000000000044,0.03421177801986535
431,5883,19.119717567776433,20,0.050000000000000044,0.029658843576908112
432,5889,4.55663250881008,6,0.050000000000000044,0.031189026311039925
433,5902,11.987640589958433,13,0.050000000000000044,0.029830930611261956
434,5909,5.959013234599721,7,0.050000000000000044,0.03322840907743999
435,5911,1.2783909896727712,2,0.050000000000000044,0.0249217776581645
436,5922,10.121555849785508,11,0.050000000000000044,0.027421335605057804
437,5930,7.123406168209652,8,0.050000000000000044,0.024591031251475215
438,5935,3.760353123448624,5,0.050000000000000044,0.02392954137176275
439,5943,7.123406168209652,8,0.050000000000000044,0.02428875002078712
440,5958,12.90234029808263,15,0.050000000000000044,0.03090007125089566
441,5969,9.760148603052913,11,0.050000000000000044,0.023054519837552852
442,5977,6.9571666396087695,8,0.050000000000000044,0.027307610725983977
443,5997,18.759291401009776,20,0.050000000000000044,0.029005448706448077
444,6023,22.095509396360086,26,0.050000000000000044,0.1333719421751224
445,6031,6.959012388268193,8,0.050000000000000044,0.09529307670891285
446,6041,7.59514940082223,10,0.050000000000000044,0.09502834528684616
447,6046,3.9590471683324666,5,0.050000000000000044,0.06894624382257461
448,6049,1.9602091714909529,3,0.050000000000000044,0.06920337118208408
449,6053,2.9592167598122607,4,0.050000000000000044,0.0864294022321701
450,6058,4.197653101720811,5,0.050000000000000044,0.06564520187675953
451,6060,1.1985551664893401,2,0.050000000000000044,0.07997940108180046
452,6090,25.024501867674005,30,0.050000000000000044,0.08146696394930283
453,6096,4.989439776723112,6,0.050000000000000044,0.08590635471045971
454,6099,1.9602091714909529,3,0.050000000000000044,0.09342772141098976
455,6102,2.123508977009134,3,0.050000000000000044,0.07821711897850037
456,6108,5.119451120956071,6,0.050000000000000044,0.08995211993654569
457,6114,5.27323950740542,6,0.050000000000000044,0.0804008524864912
458,6131,15.360580562047952,17,0.050000000000000044,0.08238875909763224
459,6142,10.11822233564194,11,0.050000000000000044,0.07201727886091579
460,6151,7.9590122436400925,9,0.050000000000000044,0.06731858601172765
461,6154,1.9851664053911855,3,0.050000000000000044,0.07583792259295781
462,6175,19.765955950226683,21,0.050000000000000044,0.078225858154751
463,6185,8.95505667354873,10,0.050000000000000044,0.09328475669026375
464,6188,1.9583725634928275,3,0.050000000000000044,0.09042478601137798
465,6191,2.19780350286469,3,0.050000000000000044,0.08037260919809341
466,6196,3.9550942616836293,5,0.050000000000000044,0.06415237262845039
467,6199,1.9602091714909529,3,0.050000000000000044,0.08549109598000844
468,6205,4.959018187143877,6,0.050000000000000044,0.09051354229450226
469,6207,1.0508547873237735,2,0.050000000000000044,0.08838767558336258
470,6212,3.9590471683324666,5,0.050000000000000044,0.08220673352479935
471,6216,2.9592167598122607,4,0.050000000000000044,0.0935819773003459
472,6219,1.9602091714909529,3,0.050000000000000044,0.07747611279288928
473,6231,10.987589435479713,12,0.050000000000000044,0.07786350976675749
474,6235,2.9592167598122607,4,0.050000000000000044,0.07606604788452387
475,6242,5.959013234599721,7,0.050000000000000044,0.07702271108116422
476,6253,10.052248340686248,11,0.050000000000000044,0.06802074831317771
477,6266,10.998147549649396,13,0.050000000000000044,0.07885931546871479
478,6286,19.277194032012606,20,0.050000000000000044,0.07766335718333721
479,6296,8.957171302104223,10,0.050000000000000044,0.0877542920410633
480,6298,0.9182189885849052,2,0.050000000000000044,0.05874055437743664
481,6307,7.203356870576658,9,0.050000000000000044,0.07226990163326263
482,6337,25.29795650856205,30,0.050000000000000044,0.08514856944481532
483,6347,7.371026963833417,10,0.050000000000000044,0.07919425666332244
484,6358,9.987589435489122,11,0.050000000000000044,0.08254279636523941
485,6368,7.367331936052429,10,0.050000000000000044,0.08535468354821205
486,6371,1.9602091714909529,3,0.050000000000000044,0.06689802805582683
487,6383,10.957166465320128,12,0.050000000000000044,0.088579506923755
488,6395,11.054113223937781,12,0.050000000000000044,0.08662094734609127
489,6404,7.9590122436400925,9,0.050000000000000044,0.0734805886944135
490,6406,0.9660165442504834,2,0.050000000000000044,0.08840131387114525
491,6415,7.9590122436400925,9,0.050000000000000044,0.07766850458251105
492,6420,3.9590471683324666,5,0.050000000000000044,0.08313310891389847
493,6429,7.9590122436400925,9,0.050000000000000044,0.08470170158478948
494,6450,18.96815386701578,21,0.050000000000000044,0.08091187335195996
495,6455,3.9590471683324666,5,0.050000000000000044,0.0761698916554451
496,6466,9.959012214701307,11,0.050000000000000044,0.07502084428613837
497,6481,13.852651033751194,15,0.050000000000000044,0.08087915480136872
498,6486,4.054114629085036,5,0.050000000000000044,0.07997179478406906
499,6499,11.081776745315338,13,0.050000000000000044,0.0751775809778617
500,6508,7.9590122436400925,9,0.050000000000000044,0.07692649298244053
501,6521,12.108609170655354,13,0.050000000000000044,0.07024673630411808
502,6531,8.957161915410847,10,0.050000000000000044,0.07807488590478898
503,6535,2.9592167598122607,4,0.050000000000000044,0.08474110811948776
504,6542,5.959013234599721,7,0.050000000000000044,0.07818371163947242
505,6549,5.957167485940297,7,0.050000000000000044,0.08437519839831761
506,6556,5.756083536302313,7,0.050000000000000044,0.07914347414459501
507,6567,9.957161909584332,11,0.050000000000000044,0.0727291696450927
508,6576,7.957166494980669,9,0.050000000000000044,0.08825410902500153
509,6587,9.475950220128913,11,0.050000000000000044,0.0788663998246193
510,6598,9.955583345379036,11,0.050000000000000044,0.07805336232889783
511,6626,24.533418073538332,28,0.050000000000000044,0.0726279237174562
512,6639,12.117859055969504,13,0.050000000000000044,0.07150379912211345
513,6642,1.9602091714909529,3,0.050000000000000044,0.0937784140308698
514,6648,4.7603241422600355,6,0.050000000000000044,0.07194404862821102
515,6652,2.9573710298187494,4,0.050000000000000044,0.07243547681719065
516,6660,6.955057994429708,8,0.050000000000000044,0.08076103404164314
517,6671,9.957162626565239,11,0.050000000000000044,0.0695856162770228
518,6678,6.273239812611527,7,0.050000000000000044,0.07185698939221245
519,6682,3.123423724599727,4,0.050000000000000044,0.093734385445714
520,6701,16.510944057355527,19,0.050000000000000044,0.06351753814440024
521,6709,6.955056842892072,8,0.050000000000000044,0.06789815612137318
522,6715,4.9529374514556865,6,0.050000000000000044,0.08397928501168887
523,6726,9.800801418947056,11,0.050000000000000044,0.07638977332548662
524,6730,2.8806637169454983,4,0.050000000000000044,0.0912464577704668
525,6760,25.23186504187865,30,0.050000000000000044,0.06957370961705843
526,6767,5.792287305326173,7,0.050000000000000044,0.061500909605196545
527,6779,10.959012213979552,12,0.050000000000000044,0.0776334973052144
528,6785,4.959018187143877,6,0.050000000000000044,0.06293195237716039
529,6805,15.811694519434234,20,0.050000000000000044,0.07479496262967586
530,6809,3.275379417844259,4,0.050000000000000044,0.06630087178200483
531,6825,14.204369889752702,16,0.050000000000000044,0.08023438137024641
532,6828,2.123508977009134,3,0.050000000000000044,0.06705792620778084
533,6832,2.9592167598122607,4,0.050000000000000044,0.07291287090629339
534,6862,24.894106689845113,30,0.050000000000000044,0.07543069794774056
535,6869,5.955057689223602,7,0.050000000000000044,0.07716622203588486
536,6883,12.957161892699022,14,0.050000000000000044,0.06941961364022323
537,6891,7.072135844213199,8,0.050000000000000044,0.06744583835825324
538,6899,7.189155776510952,8,0.050000000000000044,0.06056320667266846
539,6909,8.959012218924851,10,0.050000000000000044,0.06708246916532516
540,6923,12.653671627245364,14,0.050000000000000044,0.06681859799261604
541,6930,5.9553100871945075,7,0.050000000000000044,0.07453440023320061
542,6939,7.757918634927063,9,0.050000000000000044,0.07755685763226615
543,6967,25.843443456673977,28,0.050000000000000044,0.06745454908481666
544,6997,25.454691995800182,30,0.050000000000000044,0.0721574002255996
545,7000,1.9602091714909529,3,0.050000000000000044,0.06410099193453789
546,7025,21.358417098133433,25,0.050000000000000044,0.215531043112278
547,7034,6.651251920248143,9,0.050000000000000044,0.13938845859633553
548,7036,0.9660165442504834,2,0.050000000000000044,0.14054198563098907
549,7042,4.989439776723112,6,0.050000000000000044,0.15890362362066904
550,7059,15.595297378041646,17,0.050000000000000044,0.15027474611997604
551,7089,25.40482289298902,30,0.050000000000000044,0.12416330700119337
552,7092,1.9602091714909529,3,0.050000000000000044,0.13846765210231146
553,7122,24.617518832307656,30,0.050000000000000044,0.138062230994304
554,7128,4.989439776723112,6,0.050000000000000044,0.12281409526864688
555,7134,4.959018187143877,6,0.050000000000000044,0.14590877294540405
556,7145,9.959012214701307,11,0.050000000000000044,0.15318143503232437
557,7151,4.957168006567855,6,0.050000000000000044,0.14801674832900366
558,7165,12.243196286829303,14,0.050000000000000044,0.12846700634275163
559,7176,9.95716189356519,11,0.050000000000000044,0.1409372321584008
560,7184,5.765031410418716,8,0.050000000000000044,0.14647021144628525
561,7196,10.788852336298707,12,0.050000000000000044,0.1368064060807228
562,7202,4.367025914651974,6,0.050000000000000044,0.13266577571630478
563,7212,8.760149428892742,10,0.050000000000000044,0.14669645130634307
564,7237,20.64780749167895,25,0.050000000000000044,0.14453386396169662
565,7256,13.835242761033236,19,0.050000000000000044,0.14230256684516607
566,7268,10.959012213979552,12,0.050000000000000044,0.13740817395349345
567,7279,10.275353115324252,11,0.050000000000000044,0.12925221567804163
568,7286,5.959013234599721,7,0.050000000000000044,0.1307190858892032
569,7316,23.945808762451712,30,0.050000000000000044,0.12205830713113149
570,7323,5.959013234599721,7,0.050000000000000044,0.11851315306765693
571,7335,9.996442019247278,12,0.050000000000000044,0.12819723971188068
572,7354,16.64589059810294,19,0.050000000000000044,0.12241836794112858
573,7361,5.760178579424676,7,0.050000000000000044,0.1369633355310985
574,7374,11.94790129432715,13,0.050000000000000044,0.1280225687302076
575,7387,11.786739039063495,13,0.050000000000000044,0.12121053613149203
576,7394,5.586855299942031,7,0.050000000000000044,0.13289750686713628
577,7408,12.55431705475279,14,0.050000000000000044,0.12309824622103147
578,7438,28.557742537331276,30,0.050000000000000044,0.13121175070603688
579,7443,3.9571975996624404,5,0.050000000000000044,0.12129992991685867
580,7448,4.121563407283063,5,0.050000000000000044,0.1569979429244995
581,7459,9.981834724645738,11,0.050000000000000044,0.12910888614979657
582,7489,24.869957805957124,30,0.050000000000000044,0.12722783411542574
583,7512,18.379443946673977,23,0.050000000000000044,0.11341414373853932
584,7521,6.927770659045565,9,0.050000000000000044,0.12682631032334435
585,7529,5.96589098967277,8,0.050000000000000044,0.11654745787382126
586,7559,24.866754082118522,30,0.050000000000000044,0.12285067116220792
587,7562,1.9583725634928275,3,0.050000000000000044,0.1167666216691335
588,7573,9.3549092901902,11,0.050000000000000044,0.12587965686212887
589,7581,6.792281893083688,8,0.050000000000000044,0.12731909286230803
590,7611,24.38107645263489,30,0.050000000000000044,0.12329027205705642
591,7623,10.957166465320128,12,0.050000000000000044,0.1129654087126255
592,7647,18.622604866547753,24,0.050000000000000044,0.11556792103995879
593,7656,7.9590122436400925,9,0.050000000000000044,0.11522148632340962
594,7671,12.554687274809945,15,0.050000000000000044,0.11038566728432973
595,7698,22.05545602371499,27,0.050000000000000044,0.11118870380300062
596,7711,11.354105013741325,13,0.050000000000000044,0.1199154922595391
597,7731,17.911896087912915,20,0.050000000000000044,0.11406658850610256
598,7742,10.120532330401128,11,0.050000000000000044,0.1197313740849495
599,7747,3.9590471683324666,5,0.050000000000000044,0.11515383124351501
600,7777,24.05919030876356,30,0.050000000000000044,0.11126577506462733
601,7787,8.959012218924851,10,0.050000000000000044,0.11574018895626068
602,7804,13.984499560211733,17,0.050000000000000044,0.11692895827924504
603,7817,9.810077895134963,13,0.050000000000000044,0.11584373907401012
604,7825,6.357592947410983,8,0.050000000000000044,0.10468264389783144
605,7832,5.98544964183324,7,0.050000000000000044,0.11197820199387414
606,7844,11.04772514541734,12,0.050000000000000044,0.10656165207425754
607,7854,8.758307690538242,10,0.050000000000000044,0.09175743088126183
608,7861,6.05015771959006,7,0.050000000000000044,0.11341954874140876
609,7874,11.188605401115145,13,0.050000000000000044,0.10495723124880058
610,7883,7.587636771493669,9,0.050000000000000044,0.0979728028178215
611,7890,6.195335627829227,7,0.050000000000000044,0.09635759145021439
612,7920,23.746827163764436,30,0.050000000000000044,0.10515851378440857
613,7928,6.760149598236084,8,0.050000000000000044,0.10697838850319386
614,7935,5.760178579424676,7,0.050000000000000044,0.10159290794815336
615,7947,10.760177558804507,12,0.050000000000000044,0.10476537700742483
616,7960,11.557209170888907,13,0.050000000000000044,0.10938644638428321
617,7971,9.206785379344868,11,0.050000000000000044,0.12575009803880344
618,7998,20.19790274294949,27,0.050000000000000044,0.09806176661341279
619,8003,3.204545454545454,5,0.050000000000000044,0.25569330602884294
620,8020,13.52779477839448,17,0.050000000000000044,0.2747209536678651
621,8042,18.75965824998017,22,0.050000000000000044,0.17553736303340306
622,8055,11.765955950252106,13,0.050000000000000044,0.18008119039810622
623,8082,23.933553243274382,27,0.050000000000000044,0.2059418719123911
624,8112,25.82113579316823,30,0.050000000000000044,0.18055573428670565
625,8118,4.756119597166153,6,0.050000000000000044,0.16154876227180162
626,8125,5.959013234599721,7,0.050000000000000044,0.17511442197220667
627,8155,23.91954527578652,30,0.050000000000000044,0.17297700718045234
628,8166,9.853399224791643,11,0.050000000000000044,0.194066506895152
629,8184,14.829185536590005,18,0.050000000000000044,0.18299216032028198
630,8192,6.981973200118572,8,0.050000000000000044,0.1526127578690648
631,8203,9.957166466041883,11,0.050000000000000044,0.18197499892928384
632,8214,9.957162626565239,11,0.050000000000000044,0.18070596050132404
633,8217,1.9602091714909529,3,0.050000000000000044,0.1796055535475413
634,8227,8.55456978080234,10,0.050000000000000044,0.1643604762852192
635,8243,14.550869333299634,16,0.050000000000000044,0.18893967848271132
636,8249,4.957168599026561,6,0.050000000000000044,0.14241358389457068
637,8256,5.391582736716166,7,0.050000000000000044,0.146849519440106
638,8259,1.7953289908768333,3,0.050000000000000044,0.13526746133963266
639,8273,12.95349474558836,14,0.050000000000000044,0.15718037581869534
640,8278,3.9572063683176055,5,0.050000000000000044,0.1477055922150612
641,8298,19.19394792818813,20,0.050000000000000044,0.16525370068848133
642,8302,2.9592167598122607,4,0.050000000000000044,0.16110200621187687
643,8332,24.29693766901695,30,0.050000000000000044,0.14591018110513687
644,8342,8.156045060943654,10,0.050000000000000044,0.15223461017012596
645,8360,16.35687081072085,18,0.050000000000000044,0.1585490202738179
646,8370,8.407983502688463,10,0.050000000000000044,0.16166960597038268
647,8382,11.269541283206237,12,0.050000000000000044,0.1631724194933971
648,8412,25.01955040901932,30,0.050000000000000044,0.16266257638732592
649,8442,23.902058583543837,30,0.050000000000000044,0.15258034244179725
650,8447,4.0522650029091345,5,0.050000000000000044,0.1923987239599228
651,8455,6.760177733093146,8,0.050000000000000044,0.15498483274132013
652,8485,23.469239812511013,30,0.050000000000000044,0.15907273739576339
653,8515,28.625522035988645,30,0.050000000000000044,0.14728925215701263
654,8520,3.5006117789217472,5,0.050000000000000044,0.14292999505996704
655,8532,10.951092016651916,12,0.050000000000000044,0.14513218651215234
656,8562,24.73819217198961,30,0.050000000000000044,0.13981767321626346
657,8592,25.140375632678474,30,0.050000000000000044,0.15784202416737875
658,8602,8.572377260037825,10,0.050000000000000044,0.13941946849226952
659,8632,25.582907670978756,30,0.050000000000000044,0.15397691677014033
660,8637,3.9572014196905787,5,0.050000000000000044,0.12628320455551148
661,8642,3.257575757575757,5,0.050000000000000044,0.127733950316906
662,8647,3.7562653400402612,5,0.050000000000000044,0.14725932776927947
663,8677,23.5896749575746,30,0.050000000000000044,0.1473119241495927
664,8707,25.019559011830122,30,0.050000000000000044,0.13803009887536366
665,8716,7.7560687433011255,9,0.050000000000000044,0.16059360322025087
666,8723,6.113579626492696,7,0.050000000000000044,0.13538780702011927
667,8753,24.504878898610833,30,0.050000000000000044,0.1453120157122612
668,8763,9.045853039675546,10,0.050000000000000044,0.13549777194857598
669,8793,23.303815797085456,30,0.050000000000000044,0.14614456047614416
670,8800,5.959013234599721,7,0.050000000000000044,0.13517976445811136
671,8810,8.001198176797514,10,0.050000000000000044,0.14633364602923393
672,8815,4.197653101720811,5,0.050000000000000044,0.1631411299109459
673,8845,24.677209744914947,30,0.050000000000000044,0.15046802560488384
674,8861,15.102815308793271,16,0.050000000000000044,0.14344318956136703
675,8891,23.90385945186493,30,0.050000000000000044,0.1400246411561966
676,8898,5.987640677644669,7,0.050000000000000044,0.14439545678240912
677,8904,4.955331180282426,6,0.050000000000000044,0.14081592361132303
678,8915,9.790176488711067,11,0.050000000000000044,0.15294155410744928
679,8945,23.984083976362207,30,0.050000000000000044,0.1252862526724736
680,8962,14.038076972012863,17,0.050000000000000044,0.13464268559918685
681,8977,13.366001173967618,15,0.050000000000000044,0.13302052666743597
682,8986,7.474104640812831,9,0.050000000000000044,0.1378708995050854
683,9006,17.23444055720342,20,0.050000000000000044,0.1952689874917269
684,9017,9.955056669325186,11,0.050000000000000044,0.2932582511143251
685,9027,9.270072234855089,10,0.050000000000000044,0.2251941204071045
686,9032,4.054114629085036,5,0.050000000000000044,0.2376287192106247
687,9040,7.047466336779315,8,0.050000000000000044,0.19054808840155602
688,9047,5.197745670107231,7,0.050000000000000044,0.1952930369547435
689,9052,3.9590471683324666,5,0.050000000000000044,0.21931905746459962
690,9057,3.9590471683324666,5,0.050000000000000044,0.23533430993556975
691,9062,3.9590471683324666,5,0.050000000000000044,0.22010451555252075
692,9074,10.788848831010002,12,0.050000000000000044,0.18099838122725487
693,9091,13.574009178034688,17,0.050000000000000044,0.20175393539316513
694,9098,5.95717232116616,7,0.050000000000000044,0.22432675106184824
695,9128,25.0155872427256,30,0.050000000000000044,0.2190347358584404
696,9133,3.9590471683324666,5,0.050000000000000044,0.1959423005580902
697,9143,8.917407253325887,10,0.050000000000000044,0.2075413942337036
698,9149,5.1234066663578846,6,0.050000000000000044,0.19700762381156287
699,9155,4.957177290232426,6,0.050000000000000044,0.1973110462228457
700,9163,6.554583756476667,8,0.050000000000000044,0.2099919728934765
701,9168,4.197653101720811,5,0.050000000000000044,0.15329782366752626
702,9174,4.959018187143877,6,0.050000000000000044,0.19325939317544302
703,9182,6.959012388268193,8,0.050000000000000044,0.22938286699354649
704,9196,13.078335184760908,14,0.050000000000000044,0.20728312858513423
705,9226,23.619394034035253,30,0.050000000000000044,0.18848709960778554
706,9256,25.774845397147732,30,0.050000000000000044,0.20459416508674622
707,9263,5.155957592097864,7,0.050000000000000044,0.2037070585148675
708,9272,7.554588070119486,9,0.050000000000000044,0.17662817074192894
709,9283,9.601075770483082,11,0.050000000000000044,0.22071428190578113
710,9289,5.1234066663578846,6,0.050000000000000044,0.17147067685921988
711,9319,24.457013907595147,30,0.050000000000000044,0.20374942322572073
712,9329,8.790176492934611,10,0.050000000000000044,0.1853746697306633
713,9346,15.359904483308863,17,0.050000000000000044,0.19740058657001047
714,9354,6.985475125319676,8,0.050000000000000044,0.21122548542916775
715,9361,5.959013234599721,7,0.050000000000000044,0.18740923489843095
716,9367,5.054113464055959,6,0.050000000000000044,0.2024711345632871
717,9397,24.74164331819972,30,0.050000000000000044,0.18587226097782453
718,9409,10.790694580010204,12,0.050000000000000044,0.21067979683478674
719,9420,9.18791932051373,11,0.050000000000000044,0.19388205761259253
720,9427,5.95717232116616,7,0.050000000000000044,0.1916397980281285
721,9442,12.365349087760777,15,0.050000000000000044,0.18858169217904408
722,9453,10.195798253433363,11,0.050000000000000044,0.19798743182962592
723,9459,4.5671272683647235,6,0.050000000000000044,0.207971860965093
724,9479,16.25962604230216,20,0.050000000000000044,0.17734493799507617
725,9509,23.714898582047923,30,0.050000000000000044,0.18314880083004634
726,9517,6.957171472012259,8,0.050000000000000044,0.2034220341593027
727,9526,7.9590122436400925,9,0.050000000000000044,0.1838456466794014
728,9532,5.277195052781539,6,0.050000000000000044,0.1393646920720736
729,9544,10.597008637790372,12,0.050000000000000044,0.19255168487628302
730,9574,24.304894287628514,30,0.050000000000000044,0.1893538974225521
731,9580,4.959018187143877,6,0.050000000000000044,0.1589928219715754
732,9583,1.5974290027069835,3,0.050000000000000044,0.22269234557946524
733,9613,25.86606302019921,30,0.050000000000000044,0.18868964115778605
734,9643,24.119577085026386,30,0.050000000000000044,0.1919812987248103
735,9673,23.44493506673673,30,0.050000000000000044,0.20571360761920612
736,9689,14.202660911907836,16,0.050000000000000044,0.21998410392552614
737,9697,6.955321888437664,8,0.050000000000000044,0.21500027552247047
738,9704,5.959013234599721,7,0.050000000000000044,0.18673660925456456
739,9709,3.9590471683324666,5,0.050000000000000044,0.1801860064268112
740,9722,11.788325449643375,13,0.050000000000000044,0.19020999165681693
741,9736,12.756068135766318,14,0.050000000000000044,0.20058716141751834
742,9742,4.874644735512104,6,0.050000000000000044,0.19270931680997214
743,9746,2.957376534134098,4,0.050000000000000044,0.16490528732538223
744,9759,11.794132033242093,13,0.050000000000000044,0.17745186675053376
745,9767,6.959012388268193,8,0.050000000000000044,0.18254616484045982
746,9772,3.9590471683324666,5,0.050000000000000044,0.15120846778154373
747,9782,8.955047553638064,10,0.050000000000000044,0.19629835784435273
748,9796,12.786195332127463,14,0.050000000000000044,0.18079007416963577
749,9803,5.76015455078024,7,0.050000000000000044,0.1904836275747844
750,9833,23.396498925773695,30,0.050000000000000044,0.18136928156018256
751,9863,26.207366958966528,30,0.050000000000000044,0.18032283360759419
752,9893,24.065004954499692,30,0.050000000000000044,0.19113053480784098
753,9917,21.037803888818193,24,0.050000000000000044,0.17282547584424415
754,9930,11.959012213856212,13,0.050000000000000044,0.204416379905664
755,9960,23.545733399571933,30,0.050000000000000044,0.1797848030924797
756,9973,11.55061520602673,13,0.050000000000000044,0.17196517151135665
